order_id,customer_id,order_date,product_id,quantity,unit_price
10430,ERNSH,1997-01-30,21,50,8
10486,HILAA,1997-03-26,74,16,8
10609,DUMON,1997-07-24,1,3,18
10673,WILMK,1997-09-18,42,6,14
10793,AROUT,1997-12-24,52,8,7
10248,VINET,1996-07-04,11,12,14
10248,VINET,1996-07-04,42,10,9.8
10248,VINET,1996-07-04,72,5,34.8
10249,TOMSP,1996-07-05,14,9,18.6
10249,TOMSP,1996-07-05,51,40,42.4
10250,HANAR,1996-07-08,41,10,7.7
10250,HANAR,1996-07-08,51,35,42.4
10250,HANAR,1996-07-08,65,15,16.8
10251,VICTE,1996-07-08,22,6,16.8
10251,VICTE,1996-07-08,57,15,15.6
10251,VICTE,1996-07-08,65,20,16.8
10252,SUPRD,1996-07-09,20,40,64.8
10252,SUPRD,1996-07-09,33,25,2
10252,SUPRD,1996-07-09,60,40,27.2
10253,HANAR,1996-07-10,31,20,10
10253,HANAR,1996-07-10,39,42,14.4
10253,HANAR,1996-07-10,49,40,16
10254,CHOPS,1996-07-11,24,15,3.6
10254,CHOPS,1996-07-11,55,21,19.2
10254,CHOPS,1996-07-11,74,21,8
10255,RICSU,1996-07-12,2,20,15.2
10255,RICSU,1996-07-12,16,35,13.9
10255,RICSU,1996-07-12,36,25,15.2
10255,RICSU,1996-07-12,59,30,44
10256,WELLI,1996-07-15,53,15,26.2
10256,WELLI,1996-07-15,77,12,10.4
10257,HILAA,1996-07-16,27,25,35.1
10257,HILAA,1996-07-16,39,6,14.4
10257,HILAA,1996-07-16,77,15,10.4
10258,ERNSH,1996-07-17,2,50,15.2
10258,ERNSH,1996-07-17,5,65,17
10258,ERNSH,1996-07-17,32,6,25.6
10259,CENTC,1996-07-18,21,10,8
10259,CENTC,1996-07-18,37,1,20.8
10260,OTTIK,1996-07-19,41,16,7.7
10260,OTTIK,1996-07-19,57,50,15.6
10260,OTTIK,1996-07-19,62,15,39.4
10260,OTTIK,1996-07-19,70,21,12
10261,QUEDE,1996-07-19,21,20,8
10261,QUEDE,1996-07-19,35,20,14.4
10262,RATTC,1996-07-22,5,12,17
10262,RATTC,1996-07-22,7,15,24
10262,RATTC,1996-07-22,56,2,30.4
10263,ERNSH,1996-07-23,16,60,13.9
10263,ERNSH,1996-07-23,24,28,3.6
10263,ERNSH,1996-07-23,30,60,20.7
10263,ERNSH,1996-07-23,74,36,8
10264,FOLKO,1996-07-24,2,35,15.2
10264,FOLKO,1996-07-24,41,25,7.7
10265,BLONP,1996-07-25,17,30,31.2
10265,BLONP,1996-07-25,70,20,12
10266,WARTH,1996-07-26,12,12,30.4
10267,FRANK,1996-07-29,40,50,14.7
10267,FRANK,1996-07-29,59,70,44
10267,FRANK,1996-07-29,76,15,14.4
10268,GROSR,1996-07-30,29,10,99
10268,GROSR,1996-07-30,72,4,27.8
10269,WHITC,1996-07-31,33,60,2
10269,WHITC,1996-07-31,72,20,27.8
10270,WARTH,1996-08-01,36,30,15.2
10270,WARTH,1996-08-01,43,25,36.8
10271,SPLIR,1996-08-01,33,24,2
10272,RATTC,1996-08-02,20,6,64.8
10272,RATTC,1996-08-02,31,40,10
10272,RATTC,1996-08-02,72,24,27.8
10273,QUICK,1996-08-05,10,24,24.8
10273,QUICK,1996-08-05,31,15,10
10273,QUICK,1996-08-05,33,20,2
10273,QUICK,1996-08-05,40,60,14.7
10273,QUICK,1996-08-05,76,33,14.4
10274,VINET,1996-08-06,71,20,17.2
10274,VINET,1996-08-06,72,7,27.8
10275,MAGAA,1996-08-07,24,12,3.6
10275,MAGAA,1996-08-07,59,6,44
10276,TORTU,1996-08-08,10,15,24.8
10276,TORTU,1996-08-08,13,10,4.8
10277,MORGK,1996-08-09,28,20,36.4
10277,MORGK,1996-08-09,62,12,39.4
10278,BERGS,1996-08-12,44,16,15.5
10278,BERGS,1996-08-12,59,15,44
10278,BERGS,1996-08-12,63,8,35.1
10278,BERGS,1996-08-12,73,25,12
10279,LEHMS,1996-08-13,17,15,31.2
10280,BERGS,1996-08-14,24,12,3.6
10280,BERGS,1996-08-14,55,20,19.2
10280,BERGS,1996-08-14,75,30,6.2
10281,ROMEY,1996-08-14,19,1,7.3
10281,ROMEY,1996-08-14,24,6,3.6
10281,ROMEY,1996-08-14,35,4,14.4
10282,ROMEY,1996-08-15,30,6,20.7
10282,ROMEY,1996-08-15,57,2,15.6
10283,LILAS,1996-08-16,15,20,12.4
10283,LILAS,1996-08-16,19,18,7.3
10283,LILAS,1996-08-16,60,35,27.2
10283,LILAS,1996-08-16,72,3,27.8
10284,LEHMS,1996-08-19,27,15,35.1
10284,LEHMS,1996-08-19,44,21,15.5
10284,LEHMS,1996-08-19,60,20,27.2
10284,LEHMS,1996-08-19,67,5,11.2
10285,QUICK,1996-08-20,1,45,14.4
10285,QUICK,1996-08-20,40,40,14.7
10285,QUICK,1996-08-20,53,36,26.2
10286,QUICK,1996-08-21,35,100,14.4
10286,QUICK,1996-08-21,62,40,39.4
10287,RICAR,1996-08-22,16,40,13.9
10287,RICAR,1996-08-22,34,20,11.2
10287,RICAR,1996-08-22,46,15,9.6
10288,REGGC,1996-08-23,54,10,5.9
10288,REGGC,1996-08-23,68,3,10
10289,BSBEV,1996-08-26,3,30,8
10289,BSBEV,1996-08-26,64,9,26.6
10290,COMMI,1996-08-27,5,20,17
10290,COMMI,1996-08-27,29,15,99
10290,COMMI,1996-08-27,49,15,16
10290,COMMI,1996-08-27,77,10,10.4
10291,QUEDE,1996-08-27,13,20,4.8
10291,QUEDE,1996-08-27,44,24,15.5
10291,QUEDE,1996-08-27,51,2,42.4
10292,TRADH,1996-08-28,20,20,64.8
10293,TORTU,1996-08-29,18,12,50
10293,TORTU,1996-08-29,24,10,3.6
10293,TORTU,1996-08-29,63,5,35.1
10293,TORTU,1996-08-29,75,6,6.2
10294,RATTC,1996-08-30,1,18,14.4
10294,RATTC,1996-08-30,17,15,31.2
10294,RATTC,1996-08-30,43,15,36.8
10294,RATTC,1996-08-30,60,21,27.2
10294,RATTC,1996-08-30,75,6,6.2
10295,VINET,1996-09-02,56,4,30.4
10296,LILAS,1996-09-03,11,12,16.8
10296,LILAS,1996-09-03,16,30,13.9
10296,LILAS,1996-09-03,69,15,28.8
10297,BLONP,1996-09-04,39,60,14.4
10297,BLONP,1996-09-04,72,20,27.8
10298,HUNGO,1996-09-05,2,40,15.2
10298,HUNGO,1996-09-05,36,40,15.2
10298,HUNGO,1996-09-05,59,30,44
10298,HUNGO,1996-09-05,62,15,39.4
10299,RICAR,1996-09-06,19,15,7.3
10299,RICAR,1996-09-06,70,20,12
10300,MAGAA,1996-09-09,66,30,13.6
10300,MAGAA,1996-09-09,68,20,10
10301,WANDK,1996-09-09,40,10,14.7
10301,WANDK,1996-09-09,56,20,30.4
10302,SUPRD,1996-09-10,17,40,31.2
10302,SUPRD,1996-09-10,28,28,36.4
10302,SUPRD,1996-09-10,43,12,36.8
10303,GODOS,1996-09-11,40,40,14.7
10303,GODOS,1996-09-11,65,30,16.8
10303,GODOS,1996-09-11,68,15,10
10304,TORTU,1996-09-12,49,30,16
10304,TORTU,1996-09-12,59,10,44
10304,TORTU,1996-09-12,71,2,17.2
10305,OLDWO,1996-09-13,18,25,50
10305,OLDWO,1996-09-13,29,25,99
10305,OLDWO,1996-09-13,39,30,14.4
10306,ROMEY,1996-09-16,30,10,20.7
10306,ROMEY,1996-09-16,53,10,26.2
10306,ROMEY,1996-09-16,54,5,5.9
10307,LONEP,1996-09-17,62,10,39.4
10307,LONEP,1996-09-17,68,3,10
10308,ANATR,1996-09-18,69,1,28.8
10308,ANATR,1996-09-18,70,5,12
10309,HUNGO,1996-09-19,4,20,17.6
10309,HUNGO,1996-09-19,6,30,20
10309,HUNGO,1996-09-19,42,2,11.2
10309,HUNGO,1996-09-19,43,20,36.8
10309,HUNGO,1996-09-19,71,3,17.2
10310,THEBI,1996-09-20,16,10,13.9
10310,THEBI,1996-09-20,62,5,39.4
10311,DUMON,1996-09-20,42,6,11.2
10311,DUMON,1996-09-20,69,7,28.8
10312,WANDK,1996-09-23,28,4,36.4
10312,WANDK,1996-09-23,43,24,36.8
10312,WANDK,1996-09-23,53,20,26.2
10312,WANDK,1996-09-23,75,10,6.2
10313,QUICK,1996-09-24,36,12,15.2
10314,RATTC,1996-09-25,32,40,25.6
10314,RATTC,1996-09-25,58,30,10.6
10314,RATTC,1996-09-25,62,25,39.4
10315,ISLAT,1996-09-26,34,14,11.2
10315,ISLAT,1996-09-26,70,30,12
10316,RATTC,1996-09-27,41,10,7.7
10316,RATTC,1996-09-27,62,70,39.4
10317,LONEP,1996-09-30,1,20,14.4
10318,ISLAT,1996-10-01,41,20,7.7
10318,ISLAT,1996-10-01,76,6,14.4
10319,TORTU,1996-10-02,17,8,31.2
10319,TORTU,1996-10-02,28,14,36.4
10319,TORTU,1996-10-02,76,30,14.4
10320,WARTH,1996-10-03,71,30,17.2
10321,ISLAT,1996-10-03,35,10,14.4
10322,PERIC,1996-10-04,52,20,5.6
10323,KOENE,1996-10-07,15,5,12.4
10323,KOENE,1996-10-07,25,4,11.2
10323,KOENE,1996-10-07,39,4,14.4
10324,SAVEA,1996-10-08,16,21,13.9
10324,SAVEA,1996-10-08,35,70,14.4
10324,SAVEA,1996-10-08,46,30,9.6
10324,SAVEA,1996-10-08,59,40,44
10324,SAVEA,1996-10-08,63,80,35.1
10325,KOENE,1996-10-09,6,6,20
10325,KOENE,1996-10-09,13,12,4.8
10325,KOENE,1996-10-09,14,9,18.6
10325,KOENE,1996-10-09,31,4,10
10325,KOENE,1996-10-09,72,40,27.8
10326,BOLID,1996-10-10,4,24,17.6
10326,BOLID,1996-10-10,57,16,15.6
10326,BOLID,1996-10-10,75,50,6.2
10327,FOLKO,1996-10-11,2,25,15.2
10327,FOLKO,1996-10-11,11,50,16.8
10327,FOLKO,1996-10-11,30,35,20.7
10327,FOLKO,1996-10-11,58,30,10.6
10328,FURIB,1996-10-14,59,9,44
10328,FURIB,1996-10-14,65,40,16.8
10328,FURIB,1996-10-14,68,10,10
10329,SPLIR,1996-10-15,19,10,7.3
10329,SPLIR,1996-10-15,30,8,20.7
10329,SPLIR,1996-10-15,38,20,210.8
10329,SPLIR,1996-10-15,56,12,30.4
10330,LILAS,1996-10-16,26,50,24.9
10330,LILAS,1996-10-16,72,25,27.8
10331,BONAP,1996-10-16,54,15,5.9
10332,MEREP,1996-10-17,18,40,50
10332,MEREP,1996-10-17,42,10,11.2
10332,MEREP,1996-10-17,47,16,7.6
10333,WARTH,1996-10-18,14,10,18.6
10333,WARTH,1996-10-18,21,10,8
10333,WARTH,1996-10-18,71,40,17.2
10334,VICTE,1996-10-21,52,8,5.6
10334,VICTE,1996-10-21,68,10,10
10335,HUNGO,1996-10-22,2,7,15.2
10335,HUNGO,1996-10-22,31,25,10
10335,HUNGO,1996-10-22,32,6,25.6
10335,HUNGO,1996-10-22,51,48,42.4
10336,PRINI,1996-10-23,4,18,17.6
10337,FRANK,1996-10-24,23,40,7.2
10337,FRANK,1996-10-24,26,24,24.9
10337,FRANK,1996-10-24,36,20,15.2
10337,FRANK,1996-10-24,37,28,20.8
10337,FRANK,1996-10-24,72,25,27.8
10338,OLDWO,1996-10-25,17,20,31.2
10338,OLDWO,1996-10-25,30,15,20.7
10339,MEREP,1996-10-28,4,10,17.6
10339,MEREP,1996-10-28,17,70,31.2
10339,MEREP,1996-10-28,62,28,39.4
10340,BONAP,1996-10-29,18,20,50
10340,BONAP,1996-10-29,41,12,7.7
10340,BONAP,1996-10-29,43,40,36.8
10341,SIMOB,1996-10-29,33,8,2
10341,SIMOB,1996-10-29,59,9,44
10342,FRANK,1996-10-30,2,24,15.2
10342,FRANK,1996-10-30,31,56,10
10342,FRANK,1996-10-30,36,40,15.2
10342,FRANK,1996-10-30,55,40,19.2
10343,LEHMS,1996-10-31,64,50,26.6
10343,LEHMS,1996-10-31,68,4,10
10343,LEHMS,1996-10-31,76,15,14.4
10344,WHITC,1996-11-01,4,35,17.6
10344,WHITC,1996-11-01,8,70,32
10345,QUICK,1996-11-04,8,70,32
10345,QUICK,1996-11-04,19,80,7.3
10345,QUICK,1996-11-04,42,9,11.2
10346,RATTC,1996-11-05,17,36,31.2
10346,RATTC,1996-11-05,56,20,30.4
10347,FAMIA,1996-11-06,25,10,11.2
10347,FAMIA,1996-11-06,39,50,14.4
10347,FAMIA,1996-11-06,40,4,14.7
10347,FAMIA,1996-11-06,75,6,6.2
10348,WANDK,1996-11-07,1,15,14.4
10348,WANDK,1996-11-07,23,25,7.2
10349,SPLIR,1996-11-08,54,24,5.9
10350,LAMAI,1996-11-11,50,15,13
10350,LAMAI,1996-11-11,69,18,28.8
10351,ERNSH,1996-11-11,38,20,210.8
10351,ERNSH,1996-11-11,41,13,7.7
10351,ERNSH,1996-11-11,44,77,15.5
10351,ERNSH,1996-11-11,65,10,16.8
10352,FURIB,1996-11-12,24,10,3.6
10352,FURIB,1996-11-12,54,20,5.9
10353,PICCO,1996-11-13,11,12,16.8
10353,PICCO,1996-11-13,38,50,210.8
10354,PERIC,1996-11-14,1,12,14.4
10354,PERIC,1996-11-14,29,4,99
10355,AROUT,1996-11-15,24,25,3.6
10355,AROUT,1996-11-15,57,25,15.6
10356,WANDK,1996-11-18,31,30,10
10356,WANDK,1996-11-18,55,12,19.2
10356,WANDK,1996-11-18,69,20,28.8
10357,LILAS,1996-11-19,10,30,24.8
10357,LILAS,1996-11-19,26,16,24.9
10357,LILAS,1996-11-19,60,8,27.2
10358,LAMAI,1996-11-20,24,10,3.6
10358,LAMAI,1996-11-20,34,10,11.2
10358,LAMAI,1996-11-20,36,20,15.2
10359,SEVES,1996-11-21,16,56,13.9
10359,SEVES,1996-11-21,31,70,10
10359,SEVES,1996-11-21,60,80,27.2
10360,BLONP,1996-11-22,28,30,36.4
10360,BLONP,1996-11-22,29,35,99
10360,BLONP,1996-11-22,38,10,210.8
10360,BLONP,1996-11-22,49,35,16
10360,BLONP,1996-11-22,54,28,5.9
10361,QUICK,1996-11-22,39,54,14.4
10361,QUICK,1996-11-22,60,55,27.2
10362,BONAP,1996-11-25,25,50,11.2
10362,BONAP,1996-11-25,51,20,42.4
10362,BONAP,1996-11-25,54,24,5.9
10363,DRACD,1996-11-26,31,20,10
10363,DRACD,1996-11-26,75,12,6.2
10363,DRACD,1996-11-26,76,12,14.4
10364,EASTC,1996-11-26,69,30,28.8
10364,EASTC,1996-11-26,71,5,17.2
10365,ANTON,1996-11-27,11,24,16.8
10366,GALED,1996-11-28,65,5,16.8
10366,GALED,1996-11-28,77,5,10.4
10367,VAFFE,1996-11-28,34,36,11.2
10367,VAFFE,1996-11-28,54,18,5.9
10367,VAFFE,1996-11-28,65,15,16.8
10367,VAFFE,1996-11-28,77,7,10.4
10368,ERNSH,1996-11-29,21,5,8
10368,ERNSH,1996-11-29,28,13,36.4
10368,ERNSH,1996-11-29,57,25,15.6
10368,ERNSH,1996-11-29,64,35,26.6
10369,SPLIR,1996-12-02,29,20,99
10369,SPLIR,1996-12-02,56,18,30.4
10370,CHOPS,1996-12-03,1,15,14.4
10370,CHOPS,1996-12-03,64,30,26.6
10370,CHOPS,1996-12-03,74,20,8
10371,LAMAI,1996-12-03,36,6,15.2
10372,QUEEN,1996-12-04,20,12,64.8
10372,QUEEN,1996-12-04,38,40,210.8
10372,QUEEN,1996-12-04,60,70,27.2
10372,QUEEN,1996-12-04,72,42,27.8
10373,HUNGO,1996-12-05,58,80,10.6
10373,HUNGO,1996-12-05,71,50,17.2
10374,WOLZA,1996-12-05,31,30,10
10374,WOLZA,1996-12-05,58,15,10.6
10375,HUNGC,1996-12-06,14,15,18.6
10375,HUNGC,1996-12-06,54,10,5.9
10376,MEREP,1996-12-09,31,42,10
10377,SEVES,1996-12-09,28,20,36.4
10377,SEVES,1996-12-09,39,20,14.4
10378,FOLKO,1996-12-10,71,6,17.2
10379,QUEDE,1996-12-11,41,8,7.7
10379,QUEDE,1996-12-11,63,16,35.1
10379,QUEDE,1996-12-11,65,20,16.8
10380,HUNGO,1996-12-12,30,18,20.7
10380,HUNGO,1996-12-12,53,20,26.2
10380,HUNGO,1996-12-12,60,6,27.2
10380,HUNGO,1996-12-12,70,30,12
10381,LILAS,1996-12-12,74,14,8
10382,ERNSH,1996-12-13,5,32,17
10382,ERNSH,1996-12-13,18,9,50
10382,ERNSH,1996-12-13,29,14,99
10382,ERNSH,1996-12-13,33,60,2
10382,ERNSH,1996-12-13,74,50,8
10383,AROUT,1996-12-16,13,20,4.8
10383,AROUT,1996-12-16,50,15,13
10383,AROUT,1996-12-16,56,20,30.4
10384,BERGS,1996-12-16,20,28,64.8
10384,BERGS,1996-12-16,60,15,27.2
10385,SPLIR,1996-12-17,7,10,24
10385,SPLIR,1996-12-17,60,20,27.2
10385,SPLIR,1996-12-17,68,8,10
10386,FAMIA,1996-12-18,24,15,3.6
10386,FAMIA,1996-12-18,34,10,11.2
10387,SANTG,1996-12-18,24,15,3.6
10387,SANTG,1996-12-18,28,6,36.4
10387,SANTG,1996-12-18,59,12,44
10387,SANTG,1996-12-18,71,15,17.2
10388,SEVES,1996-12-19,45,15,7.6
10388,SEVES,1996-12-19,52,20,5.6
10388,SEVES,1996-12-19,53,40,26.2
10389,BOTTM,1996-12-20,10,16,24.8
10389,BOTTM,1996-12-20,55,15,19.2
10389,BOTTM,1996-12-20,62,20,39.4
10389,BOTTM,1996-12-20,70,30,12
10390,ERNSH,1996-12-23,31,60,10
10390,ERNSH,1996-12-23,35,40,14.4
10390,ERNSH,1996-12-23,46,45,9.6
10390,ERNSH,1996-12-23,72,24,27.8
10391,DRACD,1996-12-23,13,18,4.8
10392,PICCO,1996-12-24,69,50,28.8
10393,SAVEA,1996-12-25,2,25,15.2
10393,SAVEA,1996-12-25,14,42,18.6
10393,SAVEA,1996-12-25,25,7,11.2
10393,SAVEA,1996-12-25,26,70,24.9
10393,SAVEA,1996-12-25,31,32,10
10394,HUNGC,1996-12-25,13,10,4.8
10394,HUNGC,1996-12-25,62,10,39.4
10395,HILAA,1996-12-26,46,28,9.6
10395,HILAA,1996-12-26,53,70,26.2
10395,HILAA,1996-12-26,69,8,28.8
10396,FRANK,1996-12-27,23,40,7.2
10396,FRANK,1996-12-27,71,60,17.2
10396,FRANK,1996-12-27,72,21,27.8
10397,PRINI,1996-12-27,21,10,8
10397,PRINI,1996-12-27,51,18,42.4
10398,SAVEA,1996-12-30,35,30,14.4
10398,SAVEA,1996-12-30,55,120,19.2
10399,VAFFE,1996-12-31,68,60,10
10399,VAFFE,1996-12-31,71,30,17.2
10399,VAFFE,1996-12-31,76,35,14.4
10399,VAFFE,1996-12-31,77,14,10.4
10400,EASTC,1997-01-01,29,21,99
10400,EASTC,1997-01-01,35,35,14.4
10400,EASTC,1997-01-01,49,30,16
10401,RATTC,1997-01-01,30,18,20.7
10401,RATTC,1997-01-01,56,70,30.4
10401,RATTC,1997-01-01,65,20,16.8
10401,RATTC,1997-01-01,71,60,17.2
10402,ERNSH,1997-01-02,23,60,7.2
10402,ERNSH,1997-01-02,63,65,35.1
10403,ERNSH,1997-01-03,16,21,13.9
10403,ERNSH,1997-01-03,48,70,10.2
10404,MAGAA,1997-01-03,26,30,24.9
10404,MAGAA,1997-01-03,42,40,11.2
10404,MAGAA,1997-01-03,49,30,16
10405,LINOD,1997-01-06,3,50,8
10406,QUEEN,1997-01-07,1,10,14.4
10406,QUEEN,1997-01-07,21,30,8
10406,QUEEN,1997-01-07,28,42,36.4
10406,QUEEN,1997-01-07,36,5,15.2
10406,QUEEN,1997-01-07,40,2,14.7
10407,OTTIK,1997-01-07,11,30,16.8
10407,OTTIK,1997-01-07,69,15,28.8
10407,OTTIK,1997-01-07,71,15,17.2
10408,FOLIG,1997-01-08,37,10,20.8
10408,FOLIG,1997-01-08,54,6,5.9
10408,FOLIG,1997-01-08,62,35,39.4
10409,OCEAN,1997-01-09,14,12,18.6
10409,OCEAN,1997-01-09,21,12,8
10410,BOTTM,1997-01-10,33,49,2
10410,BOTTM,1997-01-10,59,16,44
10411,BOTTM,1997-01-10,41,25,7.7
10411,BOTTM,1997-01-10,44,40,15.5
10411,BOTTM,1997-01-10,59,9,44
10412,WARTH,1997-01-13,14,20,18.6
10413,LAMAI,1997-01-14,1,24,14.4
10413,LAMAI,1997-01-14,62,40,39.4
10413,LAMAI,1997-01-14,76,14,14.4
10414,FAMIA,1997-01-14,19,18,7.3
10414,FAMIA,1997-01-14,33,50,2
10415,HUNGC,1997-01-15,17,2,31.2
10415,HUNGC,1997-01-15,33,20,2
10416,WARTH,1997-01-16,19,20,7.3
10416,WARTH,1997-01-16,53,10,26.2
10416,WARTH,1997-01-16,57,20,15.6
10417,SIMOB,1997-01-16,38,50,210.8
10417,SIMOB,1997-01-16,46,2,9.6
10417,SIMOB,1997-01-16,68,36,10
10417,SIMOB,1997-01-16,77,35,10.4
10418,QUICK,1997-01-17,2,60,15.2
10418,QUICK,1997-01-17,47,55,7.6
10418,QUICK,1997-01-17,61,16,22.8
10418,QUICK,1997-01-17,74,15,8
10419,RICSU,1997-01-20,60,60,27.2
10419,RICSU,1997-01-20,69,20,28.8
10420,WELLI,1997-01-21,9,20,77.6
10420,WELLI,1997-01-21,13,2,4.8
10420,WELLI,1997-01-21,70,8,12
10420,WELLI,1997-01-21,73,20,12
10421,QUEDE,1997-01-21,19,4,7.3
10421,QUEDE,1997-01-21,26,30,24.9
10421,QUEDE,1997-01-21,53,15,26.2
10421,QUEDE,1997-01-21,77,10,10.4
10422,FRANS,1997-01-22,26,2,24.9
10423,GOURL,1997-01-23,31,14,10
10423,GOURL,1997-01-23,59,20,44
10424,MEREP,1997-01-23,35,60,14.4
10424,MEREP,1997-01-23,38,49,210.8
10424,MEREP,1997-01-23,68,30,10
10425,LAMAI,1997-01-24,55,10,19.2
10425,LAMAI,1997-01-24,76,20,14.4
10426,GALED,1997-01-27,56,5,30.4
10426,GALED,1997-01-27,64,7,26.6
10427,PICCO,1997-01-27,14,35,18.6
10428,REGGC,1997-01-28,46,20,9.6
10429,HUNGO,1997-01-29,50,40,13
10429,HUNGO,1997-01-29,63,35,35.1
10430,ERNSH,1997-01-30,17,45,31.2
10430,ERNSH,1997-01-30,56,30,30.4
10430,ERNSH,1997-01-30,59,70,44
10431,BOTTM,1997-01-30,17,50,31.2
10431,BOTTM,1997-01-30,40,50,14.7
10431,BOTTM,1997-01-30,47,30,7.6
10432,SPLIR,1997-01-31,26,10,24.9
10432,SPLIR,1997-01-31,54,40,5.9
10433,PRINI,1997-02-03,56,28,30.4
10434,FOLKO,1997-02-03,11,6,16.8
10434,FOLKO,1997-02-03,76,18,14.4
10435,CONSH,1997-02-04,2,10,15.2
10435,CONSH,1997-02-04,22,12,16.8
10435,CONSH,1997-02-04,72,10,27.8
10436,BLONP,1997-02-05,46,5,9.6
10436,BLONP,1997-02-05,56,40,30.4
10436,BLONP,1997-02-05,64,30,26.6
10436,BLONP,1997-02-05,75,24,6.2
10437,WARTH,1997-02-05,53,15,26.2
10438,TOMSP,1997-02-06,19,15,7.3
10438,TOMSP,1997-02-06,34,20,11.2
10438,TOMSP,1997-02-06,57,15,15.6
10439,MEREP,1997-02-07,12,15,30.4
10439,MEREP,1997-02-07,16,16,13.9
10439,MEREP,1997-02-07,64,6,26.6
10439,MEREP,1997-02-07,74,30,8
10440,SAVEA,1997-02-10,2,45,15.2
10440,SAVEA,1997-02-10,16,49,13.9
10440,SAVEA,1997-02-10,29,24,99
10440,SAVEA,1997-02-10,61,90,22.8
10441,OLDWO,1997-02-10,27,50,35.1
10442,ERNSH,1997-02-11,11,30,16.8
10442,ERNSH,1997-02-11,54,80,5.9
10442,ERNSH,1997-02-11,66,60,13.6
10443,REGGC,1997-02-12,11,6,16.8
10443,REGGC,1997-02-12,28,12,36.4
10444,BERGS,1997-02-12,17,10,31.2
10444,BERGS,1997-02-12,26,15,24.9
10444,BERGS,1997-02-12,35,8,14.4
10444,BERGS,1997-02-12,41,30,7.7
10445,BERGS,1997-02-13,39,6,14.4
10445,BERGS,1997-02-13,54,15,5.9
10446,TOMSP,1997-02-14,19,12,7.3
10446,TOMSP,1997-02-14,24,20,3.6
10446,TOMSP,1997-02-14,31,3,10
10446,TOMSP,1997-02-14,52,15,5.6
10447,RICAR,1997-02-14,19,40,7.3
10447,RICAR,1997-02-14,65,35,16.8
10447,RICAR,1997-02-14,71,2,17.2
10448,RANCH,1997-02-17,26,6,24.9
10448,RANCH,1997-02-17,40,20,14.7
10449,BLONP,1997-02-18,10,14,24.8
10449,BLONP,1997-02-18,52,20,5.6
10449,BLONP,1997-02-18,62,35,39.4
10450,VICTE,1997-02-19,10,20,24.8
10450,VICTE,1997-02-19,54,6,5.9
10451,QUICK,1997-02-19,55,120,19.2
10451,QUICK,1997-02-19,64,35,26.6
10451,QUICK,1997-02-19,65,28,16.8
10451,QUICK,1997-02-19,77,55,10.4
10452,SAVEA,1997-02-20,28,15,36.4
10452,SAVEA,1997-02-20,44,100,15.5
10453,AROUT,1997-02-21,48,15,10.2
10453,AROUT,1997-02-21,70,25,12
10454,LAMAI,1997-02-21,16,20,13.9
10454,LAMAI,1997-02-21,33,20,2
10454,LAMAI,1997-02-21,46,10,9.6
10455,WARTH,1997-02-24,39,20,14.4
10455,WARTH,1997-02-24,53,50,26.2
10455,WARTH,1997-02-24,61,25,22.8
10455,WARTH,1997-02-24,71,30,17.2
10456,KOENE,1997-02-25,21,40,8
10456,KOENE,1997-02-25,49,21,16
10457,KOENE,1997-02-25,59,36,44
10458,SUPRD,1997-02-26,26,30,24.9
10458,SUPRD,1997-02-26,28,30,36.4
10458,SUPRD,1997-02-26,43,20,36.8
10458,SUPRD,1997-02-26,56,15,30.4
10458,SUPRD,1997-02-26,71,50,17.2
10459,VICTE,1997-02-27,7,16,24
10459,VICTE,1997-02-27,46,20,9.6
10459,VICTE,1997-02-27,72,40,27.8
10460,FOLKO,1997-02-28,68,21,10
10460,FOLKO,1997-02-28,75,4,6.2
10461,LILAS,1997-02-28,21,40,8
10461,LILAS,1997-02-28,30,28,20.7
10461,LILAS,1997-02-28,55,60,19.2
10462,CONSH,1997-03-03,13,1,4.8
10462,CONSH,1997-03-03,23,21,7.2
10463,SUPRD,1997-03-04,19,21,7.3
10463,SUPRD,1997-03-04,42,50,11.2
10464,FURIB,1997-03-04,4,16,17.6
10464,FURIB,1997-03-04,43,3,36.8
10464,FURIB,1997-03-04,56,30,30.4
10464,FURIB,1997-03-04,60,20,27.2
10465,VAFFE,1997-03-05,24,25,3.6
10465,VAFFE,1997-03-05,29,18,99
10465,VAFFE,1997-03-05,40,20,14.7
10465,VAFFE,1997-03-05,45,30,7.6
10465,VAFFE,1997-03-05,50,25,13
10466,COMMI,1997-03-06,11,10,16.8
10466,COMMI,1997-03-06,46,5,9.6
10467,MAGAA,1997-03-06,24,28,3.6
10467,MAGAA,1997-03-06,25,12,11.2
10468,KOENE,1997-03-07,30,8,20.7
10468,KOENE,1997-03-07,43,15,36.8
10469,WHITC,1997-03-10,2,40,15.2
10469,WHITC,1997-03-10,16,35,13.9
10469,WHITC,1997-03-10,44,2,15.5
10470,BONAP,1997-03-11,18,30,50
10470,BONAP,1997-03-11,23,15,7.2
10470,BONAP,1997-03-11,64,8,26.6
10471,BSBEV,1997-03-11,7,30,24
10471,BSBEV,1997-03-11,56,20,30.4
10472,SEVES,1997-03-12,24,80,3.6
10472,SEVES,1997-03-12,51,18,42.4
10473,ISLAT,1997-03-13,33,12,2
10473,ISLAT,1997-03-13,71,12,17.2
10474,PERIC,1997-03-13,14,12,18.6
10474,PERIC,1997-03-13,28,18,36.4
10474,PERIC,1997-03-13,40,21,14.7
10474,PERIC,1997-03-13,75,10,6.2
10475,SUPRD,1997-03-14,31,35,10
10475,SUPRD,1997-03-14,66,60,13.6
10475,SUPRD,1997-03-14,76,42,14.4
10476,HILAA,1997-03-17,55,2,19.2
10476,HILAA,1997-03-17,70,12,12
10477,PRINI,1997-03-17,1,15,14.4
10477,PRINI,1997-03-17,21,21,8
10477,PRINI,1997-03-17,39,20,14.4
10478,VICTE,1997-03-18,10,20,24.8
10479,RATTC,1997-03-19,38,30,210.8
10479,RATTC,1997-03-19,53,28,26.2
10479,RATTC,1997-03-19,59,60,44
10479,RATTC,1997-03-19,64,30,26.6
10480,FOLIG,1997-03-20,47,30,7.6
10480,FOLIG,1997-03-20,59,12,44
10481,RICAR,1997-03-20,49,24,16
10481,RICAR,1997-03-20,60,40,27.2
10482,LAZYK,1997-03-21,40,10,14.7
10483,WHITC,1997-03-24,34,35,11.2
10483,WHITC,1997-03-24,77,30,10.4
10484,BSBEV,1997-03-24,21,14,8
10484,BSBEV,1997-03-24,40,10,14.7
10484,BSBEV,1997-03-24,51,3,42.4
10485,LINOD,1997-03-25,2,20,15.2
10485,LINOD,1997-03-25,3,20,8
10485,LINOD,1997-03-25,55,30,19.2
10485,LINOD,1997-03-25,70,60,12
10486,HILAA,1997-03-26,11,5,16.8
10486,HILAA,1997-03-26,51,25,42.4
10487,QUEEN,1997-03-26,19,5,7.3
10487,QUEEN,1997-03-26,26,30,24.9
10487,QUEEN,1997-03-26,54,24,5.9
10488,FRANK,1997-03-27,59,30,44
10488,FRANK,1997-03-27,73,20,12
10489,PICCO,1997-03-28,11,15,16.8
10489,PICCO,1997-03-28,16,18,13.9
10490,HILAA,1997-03-31,59,60,44
10490,HILAA,1997-03-31,68,30,10
10490,HILAA,1997-03-31,75,36,6.2
10491,FURIB,1997-03-31,44,15,15.5
10491,FURIB,1997-03-31,77,7,10.4
10492,BOTTM,1997-04-01,25,60,11.2
10492,BOTTM,1997-04-01,42,20,11.2
10493,LAMAI,1997-04-02,65,15,16.8
10493,LAMAI,1997-04-02,66,10,13.6
10493,LAMAI,1997-04-02,69,10,28.8
10494,COMMI,1997-04-02,56,30,30.4
10495,LAUGB,1997-04-03,23,10,7.2
10495,LAUGB,1997-04-03,41,20,7.7
10495,LAUGB,1997-04-03,77,5,10.4
10496,TRADH,1997-04-04,31,20,10
10497,LEHMS,1997-04-04,56,14,30.4
10497,LEHMS,1997-04-04,72,25,27.8
10497,LEHMS,1997-04-04,77,25,10.4
10498,HILAA,1997-04-07,24,14,4.5
10498,HILAA,1997-04-07,40,5,18.4
10498,HILAA,1997-04-07,42,30,14
10499,LILAS,1997-04-08,28,20,45.6
10499,LILAS,1997-04-08,49,25,20
10500,LAMAI,1997-04-09,15,12,15.5
10500,LAMAI,1997-04-09,28,8,45.6
10501,BLAUS,1997-04-09,54,20,7.45
10502,PERIC,1997-04-10,45,21,9.5
10502,PERIC,1997-04-10,53,6,32.8
10502,PERIC,1997-04-10,67,30,14
10503,HUNGO,1997-04-11,14,70,23.25
10503,HUNGO,1997-04-11,65,20,21.05
10504,WHITC,1997-04-11,2,12,19
10504,WHITC,1997-04-11,21,12,10
10504,WHITC,1997-04-11,53,10,32.8
10504,WHITC,1997-04-11,61,25,28.5
10505,MEREP,1997-04-14,62,3,49.3
10506,KOENE,1997-04-15,25,18,14
10506,KOENE,1997-04-15,70,14,15
10507,ANTON,1997-04-15,43,15,46
10507,ANTON,1997-04-15,48,15,12.75
10508,OTTIK,1997-04-16,13,10,6
10508,OTTIK,1997-04-16,39,10,18
10509,BLAUS,1997-04-17,28,3,45.6
10510,SAVEA,1997-04-18,29,36,123.79
10510,SAVEA,1997-04-18,75,36,7.75
10511,BONAP,1997-04-18,4,50,22
10511,BONAP,1997-04-18,7,50,30
10511,BONAP,1997-04-18,8,10,40
10512,FAMIA,1997-04-21,24,10,4.5
10512,FAMIA,1997-04-21,46,9,12
10512,FAMIA,1997-04-21,47,6,9.5
10512,FAMIA,1997-04-21,60,12,34
10513,WANDK,1997-04-22,21,40,10
10513,WANDK,1997-04-22,32,50,32
10513,WANDK,1997-04-22,61,15,28.5
10514,ERNSH,1997-04-22,20,39,81
10514,ERNSH,1997-04-22,28,35,45.6
10514,ERNSH,1997-04-22,56,70,38
10514,ERNSH,1997-04-22,65,39,21.05
10514,ERNSH,1997-04-22,75,50,7.75
10515,QUICK,1997-04-23,9,16,97
10515,QUICK,1997-04-23,16,50,17.45
10515,QUICK,1997-04-23,27,120,43.9
10515,QUICK,1997-04-23,33,16,2.5
10515,QUICK,1997-04-23,60,84,34
10516,HUNGO,1997-04-24,18,25,62.5
10516,HUNGO,1997-04-24,41,80,9.65
10516,HUNGO,1997-04-24,42,20,14
10517,NORTS,1997-04-24,52,6,7
10517,NORTS,1997-04-24,59,4,55
10517,NORTS,1997-04-24,70,6,15
10518,TORTU,1997-04-25,24,5,4.5
10518,TORTU,1997-04-25,38,15,263.5
10518,TORTU,1997-04-25,44,9,19.45
10519,CHOPS,1997-04-28,10,16,31
10519,CHOPS,1997-04-28,56,40,38
10519,CHOPS,1997-04-28,60,10,34
10520,SANTG,1997-04-29,24,8,4.5
10520,SANTG,1997-04-29,53,5,32.8
10521,CACTU,1997-04-29,35,3,18
10521,CACTU,1997-04-29,41,10,9.65
10521,CACTU,1997-04-29,68,6,12.5
10522,LEHMS,1997-04-30,1,40,18
10522,LEHMS,1997-04-30,8,24,40
10522,LEHMS,1997-04-30,30,20,25.89
10522,LEHMS,1997-04-30,40,25,18.4
10523,SEVES,1997-05-01,17,25,39
10523,SEVES,1997-05-01,20,15,81
10523,SEVES,1997-05-01,37,18,26
10523,SEVES,1997-05-01,41,6,9.65
10524,BERGS,1997-05-01,10,2,31
10524,BERGS,1997-05-01,30,10,25.89
10524,BERGS,1997-05-01,43,60,46
10524,BERGS,1997-05-01,54,15,7.45
10525,BONAP,1997-05-02,36,30,19
10525,BONAP,1997-05-02,40,15,18.4
10526,WARTH,1997-05-05,1,8,18
10526,WARTH,1997-05-05,13,10,6
10526,WARTH,1997-05-05,56,30,38
10527,QUICK,1997-05-05,4,50,22
10527,QUICK,1997-05-05,36,30,19
10528,GREAL,1997-05-06,11,3,21
10528,GREAL,1997-05-06,33,8,2.5
10528,GREAL,1997-05-06,72,9,34.8
10529,MAISD,1997-05-07,55,14,24
10529,MAISD,1997-05-07,68,20,12.5
10529,MAISD,1997-05-07,69,10,36
10530,PICCO,1997-05-08,17,40,39
10530,PICCO,1997-05-08,43,25,46
10530,PICCO,1997-05-08,61,20,28.5
10530,PICCO,1997-05-08,76,50,18
10531,OCEAN,1997-05-08,59,2,55
10532,EASTC,1997-05-09,30,15,25.89
10532,EASTC,1997-05-09,66,24,17
10533,FOLKO,1997-05-12,4,50,22
10533,FOLKO,1997-05-12,72,24,34.8
10533,FOLKO,1997-05-12,73,24,15
10534,LEHMS,1997-05-12,30,10,25.89
10534,LEHMS,1997-05-12,40,10,18.4
10534,LEHMS,1997-05-12,54,10,7.45
10535,ANTON,1997-05-13,11,50,21
10535,ANTON,1997-05-13,40,10,18.4
10535,ANTON,1997-05-13,57,5,19.5
10535,ANTON,1997-05-13,59,15,55
10536,LEHMS,1997-05-14,12,15,38
10536,LEHMS,1997-05-14,31,20,12.5
10536,LEHMS,1997-05-14,33,30,2.5
10536,LEHMS,1997-05-14,60,35,34
10537,RICSU,1997-05-14,31,30,12.5
10537,RICSU,1997-05-14,51,6,53
10537,RICSU,1997-05-14,58,20,13.25
10537,RICSU,1997-05-14,72,21,34.8
10537,RICSU,1997-05-14,73,9,15
10538,BSBEV,1997-05-15,70,7,15
10538,BSBEV,1997-05-15,72,1,34.8
10539,BSBEV,1997-05-16,13,8,6
10539,BSBEV,1997-05-16,21,15,10
10539,BSBEV,1997-05-16,33,15,2.5
10539,BSBEV,1997-05-16,49,6,20
10540,QUICK,1997-05-19,3,60,10
10540,QUICK,1997-05-19,26,40,31.23
10540,QUICK,1997-05-19,38,30,263.5
10540,QUICK,1997-05-19,68,35,12.5
10541,HANAR,1997-05-19,24,35,4.5
10541,HANAR,1997-05-19,38,4,263.5
10541,HANAR,1997-05-19,65,36,21.05
10541,HANAR,1997-05-19,71,9,21.5
10542,KOENE,1997-05-20,11,15,21
10542,KOENE,1997-05-20,54,24,7.45
10543,LILAS,1997-05-21,12,30,38
10543,LILAS,1997-05-21,23,70,9
10544,LONEP,1997-05-21,28,7,45.6
10544,LONEP,1997-05-21,67,7,14
10545,LAZYK,1997-05-22,11,10,21
10546,VICTE,1997-05-23,7,10,30
10546,VICTE,1997-05-23,35,30,18
10546,VICTE,1997-05-23,62,40,49.3
10547,SEVES,1997-05-23,32,24,32
10547,SEVES,1997-05-23,36,60,19
10548,TOMSP,1997-05-26,34,10,14
10548,TOMSP,1997-05-26,41,14,9.65
10549,QUICK,1997-05-27,31,55,12.5
10549,QUICK,1997-05-27,45,100,9.5
10549,QUICK,1997-05-27,51,48,53
10550,GODOS,1997-05-28,17,8,39
10550,GODOS,1997-05-28,19,10,9.2
10550,GODOS,1997-05-28,21,6,10
10550,GODOS,1997-05-28,61,10,28.5
10551,FURIB,1997-05-28,16,40,17.45
10551,FURIB,1997-05-28,35,20,18
10551,FURIB,1997-05-28,44,40,19.45
10552,HILAA,1997-05-29,69,18,36
10552,HILAA,1997-05-29,75,30,7.75
10553,WARTH,1997-05-30,11,15,21
10553,WARTH,1997-05-30,16,14,17.45
10553,WARTH,1997-05-30,22,24,21
10553,WARTH,1997-05-30,31,30,12.5
10553,WARTH,1997-05-30,35,6,18
10554,OTTIK,1997-05-30,16,30,17.45
10554,OTTIK,1997-05-30,23,20,9
10554,OTTIK,1997-05-30,62,20,49.3
10554,OTTIK,1997-05-30,77,10,13
10555,SAVEA,1997-06-02,14,30,23.25
10555,SAVEA,1997-06-02,19,35,9.2
10555,SAVEA,1997-06-02,24,18,4.5
10555,SAVEA,1997-06-02,51,20,53
10555,SAVEA,1997-06-02,56,40,38
10556,SIMOB,1997-06-03,72,24,34.8
10557,LEHMS,1997-06-03,64,30,33.25
10557,LEHMS,1997-06-03,75,20,7.75
10558,AROUT,1997-06-04,47,25,9.5
10558,AROUT,1997-06-04,51,20,53
10558,AROUT,1997-06-04,52,30,7
10558,AROUT,1997-06-04,53,18,32.8
10558,AROUT,1997-06-04,73,3,15
10559,BLONP,1997-06-05,41,12,9.65
10559,BLONP,1997-06-05,55,18,24
10560,FRANK,1997-06-06,30,20,25.89
10560,FRANK,1997-06-06,62,15,49.3
10561,FOLKO,1997-06-06,44,10,19.45
10561,FOLKO,1997-06-06,51,50,53
10562,REGGC,1997-06-09,33,20,2.5
10562,REGGC,1997-06-09,62,10,49.3
10563,RICAR,1997-06-10,36,25,19
10563,RICAR,1997-06-10,52,70,7
10564,RATTC,1997-06-10,17,16,39
10564,RATTC,1997-06-10,31,6,12.5
10564,RATTC,1997-06-10,55,25,24
10565,MEREP,1997-06-11,24,25,4.5
10565,MEREP,1997-06-11,64,18,33.25
10566,BLONP,1997-06-12,11,35,21
10566,BLONP,1997-06-12,18,18,62.5
10566,BLONP,1997-06-12,76,10,18
10567,HUNGO,1997-06-12,31,60,12.5
10567,HUNGO,1997-06-12,51,3,53
10567,HUNGO,1997-06-12,59,40,55
10568,GALED,1997-06-13,10,5,31
10569,RATTC,1997-06-16,31,35,12.5
10569,RATTC,1997-06-16,76,30,18
10570,MEREP,1997-06-17,11,15,21
10570,MEREP,1997-06-17,56,60,38
10571,ERNSH,1997-06-17,14,11,23.25
10571,ERNSH,1997-06-17,42,28,14
10572,BERGS,1997-06-18,16,12,17.45
10572,BERGS,1997-06-18,32,10,32
10572,BERGS,1997-06-18,40,50,18.4
10572,BERGS,1997-06-18,75,15,7.75
10573,ANTON,1997-06-19,17,18,39
10573,ANTON,1997-06-19,34,40,14
10573,ANTON,1997-06-19,53,25,32.8
10574,TRAIH,1997-06-19,33,14,2.5
10574,TRAIH,1997-06-19,40,2,18.4
10574,TRAIH,1997-06-19,62,10,49.3
10574,TRAIH,1997-06-19,64,6,33.25
10575,MORGK,1997-06-20,59,12,55
10575,MORGK,1997-06-20,63,6,43.9
10575,MORGK,1997-06-20,72,30,34.8
10575,MORGK,1997-06-20,76,10,18
10576,TORTU,1997-06-23,1,10,18
10576,TORTU,1997-06-23,31,20,12.5
10576,TORTU,1997-06-23,44,21,19.45
10577,TRAIH,1997-06-23,39,10,18
10577,TRAIH,1997-06-23,75,20,7.75
10577,TRAIH,1997-06-23,77,18,13
10578,BSBEV,1997-06-24,35,20,18
10578,BSBEV,1997-06-24,57,6,19.5
10579,LETSS,1997-06-25,15,10,15.5
10579,LETSS,1997-06-25,75,21,7.75
10580,OTTIK,1997-06-26,14,15,23.25
10580,OTTIK,1997-06-26,41,9,9.65
10580,OTTIK,1997-06-26,65,30,21.05
10581,FAMIA,1997-06-26,75,50,7.75
10582,BLAUS,1997-06-27,57,4,19.5
10582,BLAUS,1997-06-27,76,14,18
10583,WARTH,1997-06-30,29,10,123.79
10583,WARTH,1997-06-30,60,24,34
10583,WARTH,1997-06-30,69,10,36
10584,BLONP,1997-06-30,31,50,12.5
10585,WELLI,1997-07-01,47,15,9.5
10586,REGGC,1997-07-02,52,4,7
10587,QUEDE,1997-07-02,26,6,31.23
10587,QUEDE,1997-07-02,35,20,18
10587,QUEDE,1997-07-02,77,20,13
10588,QUICK,1997-07-03,18,40,62.5
10588,QUICK,1997-07-03,42,100,14
10589,GREAL,1997-07-04,35,4,18
10590,MEREP,1997-07-07,1,20,18
10590,MEREP,1997-07-07,77,60,13
10591,VAFFE,1997-07-07,3,14,10
10591,VAFFE,1997-07-07,7,10,30
10591,VAFFE,1997-07-07,54,50,7.45
10592,LEHMS,1997-07-08,15,25,15.5
10592,LEHMS,1997-07-08,26,5,31.23
10593,LEHMS,1997-07-09,20,21,81
10593,LEHMS,1997-07-09,69,20,36
10593,LEHMS,1997-07-09,76,4,18
10594,OLDWO,1997-07-09,52,24,7
10594,OLDWO,1997-07-09,58,30,13.25
10595,ERNSH,1997-07-10,35,30,18
10595,ERNSH,1997-07-10,61,120,28.5
10595,ERNSH,1997-07-10,69,65,36
10596,WHITC,1997-07-11,56,5,38
10596,WHITC,1997-07-11,63,24,43.9
10596,WHITC,1997-07-11,75,30,7.75
10597,PICCO,1997-07-11,24,35,4.5
10597,PICCO,1997-07-11,57,20,19.5
10597,PICCO,1997-07-11,65,12,21.05
10598,RATTC,1997-07-14,27,50,43.9
10598,RATTC,1997-07-14,71,9,21.5
10599,BSBEV,1997-07-15,62,10,49.3
10600,HUNGC,1997-07-16,54,4,7.45
10600,HUNGC,1997-07-16,73,30,15
10601,HILAA,1997-07-16,13,60,6
10601,HILAA,1997-07-16,59,35,55
10602,VAFFE,1997-07-17,77,5,13
10603,SAVEA,1997-07-18,22,48,21
10603,SAVEA,1997-07-18,49,25,20
10604,FURIB,1997-07-18,48,6,12.75
10604,FURIB,1997-07-18,76,10,18
10605,MEREP,1997-07-21,16,30,17.45
10605,MEREP,1997-07-21,59,20,55
10605,MEREP,1997-07-21,60,70,34
10605,MEREP,1997-07-21,71,15,21.5
10606,TRADH,1997-07-22,4,20,22
10606,TRADH,1997-07-22,55,20,24
10606,TRADH,1997-07-22,62,10,49.3
10607,SAVEA,1997-07-22,7,45,30
10607,SAVEA,1997-07-22,17,100,39
10607,SAVEA,1997-07-22,33,14,2.5
10607,SAVEA,1997-07-22,40,42,18.4
10607,SAVEA,1997-07-22,72,12,34.8
10608,TOMSP,1997-07-23,56,28,38
10609,DUMON,1997-07-24,10,10,31
10609,DUMON,1997-07-24,21,6,10
10610,LAMAI,1997-07-25,36,21,19
10611,WOLZA,1997-07-25,1,6,18
10611,WOLZA,1997-07-25,2,10,19
10611,WOLZA,1997-07-25,60,15,34
10612,SAVEA,1997-07-28,10,70,31
10612,SAVEA,1997-07-28,36,55,19
10612,SAVEA,1997-07-28,49,18,20
10612,SAVEA,1997-07-28,60,40,34
10612,SAVEA,1997-07-28,76,80,18
10613,HILAA,1997-07-29,13,8,6
10613,HILAA,1997-07-29,75,40,7.75
10614,BLAUS,1997-07-29,11,14,21
10614,BLAUS,1997-07-29,21,8,10
10614,BLAUS,1997-07-29,39,5,18
10615,WILMK,1997-07-30,55,5,24
10616,GREAL,1997-07-31,38,15,263.5
10616,GREAL,1997-07-31,56,14,38
10616,GREAL,1997-07-31,70,15,15
10616,GREAL,1997-07-31,71,15,21.5
10617,GREAL,1997-07-31,59,30,55
10618,MEREP,1997-08-01,6,70,25
10618,MEREP,1997-08-01,56,20,38
10618,MEREP,1997-08-01,68,15,12.5
10619,MEREP,1997-08-04,21,42,10
10619,MEREP,1997-08-04,22,40,21
10620,LAUGB,1997-08-05,24,5,4.5
10620,LAUGB,1997-08-05,52,5,7
10621,ISLAT,1997-08-05,19,5,9.2
10621,ISLAT,1997-08-05,23,10,9
10621,ISLAT,1997-08-05,70,20,15
10621,ISLAT,1997-08-05,71,15,21.5
10622,RICAR,1997-08-06,2,20,19
10622,RICAR,1997-08-06,68,18,12.5
10623,FRANK,1997-08-07,14,21,23.25
10623,FRANK,1997-08-07,19,15,9.2
10623,FRANK,1997-08-07,21,25,10
10623,FRANK,1997-08-07,24,3,4.5
10623,FRANK,1997-08-07,35,30,18
10624,THECR,1997-08-07,28,10,45.6
10624,THECR,1997-08-07,29,6,123.79
10624,THECR,1997-08-07,44,10,19.45
10625,ANATR,1997-08-08,14,3,23.25
10625,ANATR,1997-08-08,42,5,14
10625,ANATR,1997-08-08,60,10,34
10626,BERGS,1997-08-11,53,12,32.8
10626,BERGS,1997-08-11,60,20,34
10626,BERGS,1997-08-11,71,20,21.5
10627,SAVEA,1997-08-11,62,15,49.3
10627,SAVEA,1997-08-11,73,35,15
10628,BLONP,1997-08-12,1,25,18
10629,GODOS,1997-08-12,29,20,123.79
10629,GODOS,1997-08-12,64,9,33.25
10630,KOENE,1997-08-13,55,12,24
10630,KOENE,1997-08-13,76,35,18
10631,LAMAI,1997-08-14,75,8,7.75
10632,WANDK,1997-08-14,2,30,19
10632,WANDK,1997-08-14,33,20,2.5
10633,ERNSH,1997-08-15,12,36,38
10633,ERNSH,1997-08-15,13,13,6
10633,ERNSH,1997-08-15,26,35,31.23
10633,ERNSH,1997-08-15,62,80,49.3
10634,FOLIG,1997-08-15,7,35,30
10634,FOLIG,1997-08-15,18,50,62.5
10634,FOLIG,1997-08-15,51,15,53
10634,FOLIG,1997-08-15,75,2,7.75
10635,MAGAA,1997-08-18,4,10,22
10635,MAGAA,1997-08-18,5,15,21.35
10635,MAGAA,1997-08-18,22,40,21
10636,WARTH,1997-08-19,4,25,22
10636,WARTH,1997-08-19,58,6,13.25
10637,QUEEN,1997-08-19,11,10,21
10637,QUEEN,1997-08-19,50,25,16.25
10637,QUEEN,1997-08-19,56,60,38
10638,LINOD,1997-08-20,45,20,9.5
10638,LINOD,1997-08-20,65,21,21.05
10638,LINOD,1997-08-20,72,60,34.8
10639,SANTG,1997-08-20,18,8,62.5
10640,WANDK,1997-08-21,69,20,36
10640,WANDK,1997-08-21,70,15,15
10641,HILAA,1997-08-22,2,50,19
10641,HILAA,1997-08-22,40,60,18.4
10642,SIMOB,1997-08-22,21,30,10
10642,SIMOB,1997-08-22,61,20,28.5
10643,ALFKI,1997-08-25,28,15,45.6
10643,ALFKI,1997-08-25,39,21,18
10643,ALFKI,1997-08-25,46,2,12
10644,WELLI,1997-08-25,18,4,62.5
10644,WELLI,1997-08-25,43,20,46
10644,WELLI,1997-08-25,46,21,12
10645,HANAR,1997-08-26,18,20,62.5
10645,HANAR,1997-08-26,36,15,19
10646,HUNGO,1997-08-27,1,15,18
10646,HUNGO,1997-08-27,10,18,31
10646,HUNGO,1997-08-27,71,30,21.5
10646,HUNGO,1997-08-27,77,35,13
10647,QUEDE,1997-08-27,19,30,9.2
10647,QUEDE,1997-08-27,39,20,18
10648,RICAR,1997-08-28,22,15,21
10648,RICAR,1997-08-28,24,15,4.5
10649,MAISD,1997-08-28,28,20,45.6
10649,MAISD,1997-08-28,72,15,34.8
10650,FAMIA,1997-08-29,30,30,25.89
10650,FAMIA,1997-08-29,53,25,32.8
10650,FAMIA,1997-08-29,54,30,7.45
10651,WANDK,1997-09-01,19,12,9.2
10651,WANDK,1997-09-01,22,20,21
10652,GOURL,1997-09-01,30,2,25.89
10652,GOURL,1997-09-01,42,20,14
10653,FRANK,1997-09-02,16,30,17.45
10653,FRANK,1997-09-02,60,20,34
10654,BERGS,1997-09-02,4,12,22
10654,BERGS,1997-09-02,39,20,18
10654,BERGS,1997-09-02,54,6,7.45
10655,REGGC,1997-09-03,41,20,9.65
10656,GREAL,1997-09-04,14,3,23.25
10656,GREAL,1997-09-04,44,28,19.45
10656,GREAL,1997-09-04,47,6,9.5
10657,SAVEA,1997-09-04,15,50,15.5
10657,SAVEA,1997-09-04,41,24,9.65
10657,SAVEA,1997-09-04,46,45,12
10657,SAVEA,1997-09-04,47,10,9.5
10657,SAVEA,1997-09-04,56,45,38
10657,SAVEA,1997-09-04,60,30,34
10658,QUICK,1997-09-05,21,60,10
10658,QUICK,1997-09-05,40,70,18.4
10658,QUICK,1997-09-05,60,55,34
10658,QUICK,1997-09-05,77,70,13
10659,QUEEN,1997-09-05,31,20,12.5
10659,QUEEN,1997-09-05,40,24,18.4
10659,QUEEN,1997-09-05,70,40,15
10660,HUNGC,1997-09-08,20,21,81
10661,HUNGO,1997-09-09,39,3,18
10661,HUNGO,1997-09-09,58,49,13.25
10662,LONEP,1997-09-09,68,10,12.5
10663,BONAP,1997-09-10,40,30,18.4
10663,BONAP,1997-09-10,42,30,14
10663,BONAP,1997-09-10,51,20,53
10664,FURIB,1997-09-10,10,24,31
10664,FURIB,1997-09-10,56,12,38
10664,FURIB,1997-09-10,65,15,21.05
10665,LONEP,1997-09-11,51,20,53
10665,LONEP,1997-09-11,59,1,55
10665,LONEP,1997-09-11,76,10,18
10666,RICSU,1997-09-12,29,36,123.79
10666,RICSU,1997-09-12,65,10,21.05
10667,ERNSH,1997-09-12,69,45,36
10667,ERNSH,1997-09-12,71,14,21.5
10668,WANDK,1997-09-15,31,8,12.5
10668,WANDK,1997-09-15,55,4,24
10668,WANDK,1997-09-15,64,15,33.25
10669,SIMOB,1997-09-15,36,30,19
10670,FRANK,1997-09-16,23,32,9
10670,FRANK,1997-09-16,46,60,12
10670,FRANK,1997-09-16,67,25,14
10670,FRANK,1997-09-16,73,50,15
10670,FRANK,1997-09-16,75,25,7.75
10671,FRANR,1997-09-17,16,10,17.45
10671,FRANR,1997-09-17,62,10,49.3
10671,FRANR,1997-09-17,65,12,21.05
10672,BERGS,1997-09-17,38,15,263.5
10672,BERGS,1997-09-17,71,12,21.5
10673,WILMK,1997-09-18,16,3,17.45
10673,WILMK,1997-09-18,43,6,46
10674,ISLAT,1997-09-18,23,5,9
10675,FRANK,1997-09-19,14,30,23.25
10675,FRANK,1997-09-19,53,10,32.8
10675,FRANK,1997-09-19,58,30,13.25
10676,TORTU,1997-09-22,10,2,31
10676,TORTU,1997-09-22,19,7,9.2
10676,TORTU,1997-09-22,44,21,19.45
10677,ANTON,1997-09-22,26,30,31.23
10677,ANTON,1997-09-22,33,8,2.5
10678,SAVEA,1997-09-23,12,100,38
10678,SAVEA,1997-09-23,33,30,2.5
10678,SAVEA,1997-09-23,41,120,9.65
10678,SAVEA,1997-09-23,54,30,7.45
10679,BLONP,1997-09-23,59,12,55
10680,OLDWO,1997-09-24,16,50,17.45
10680,OLDWO,1997-09-24,31,20,12.5
10680,OLDWO,1997-09-24,42,40,14
10681,GREAL,1997-09-25,19,30,9.2
10681,GREAL,1997-09-25,21,12,10
10681,GREAL,1997-09-25,64,28,33.25
10682,ANTON,1997-09-25,33,30,2.5
10682,ANTON,1997-09-25,66,4,17
10682,ANTON,1997-09-25,75,30,7.75
10683,DUMON,1997-09-26,52,9,7
10684,OTTIK,1997-09-26,40,20,18.4
10684,OTTIK,1997-09-26,47,40,9.5
10684,OTTIK,1997-09-26,60,30,34
10685,GOURL,1997-09-29,10,20,31
10685,GOURL,1997-09-29,41,4,9.65
10685,GOURL,1997-09-29,47,15,9.5
10686,PICCO,1997-09-30,17,30,39
10686,PICCO,1997-09-30,26,15,31.23
10687,HUNGO,1997-09-30,9,50,97
10687,HUNGO,1997-09-30,29,10,123.79
10687,HUNGO,1997-09-30,36,6,19
10688,VAFFE,1997-10-01,10,18,31
10688,VAFFE,1997-10-01,28,60,45.6
10688,VAFFE,1997-10-01,34,14,14
10689,BERGS,1997-10-01,1,35,18
10690,HANAR,1997-10-02,56,20,38
10690,HANAR,1997-10-02,77,30,13
10691,QUICK,1997-10-03,1,30,18
10691,QUICK,1997-10-03,29,40,123.79
10691,QUICK,1997-10-03,43,40,46
10691,QUICK,1997-10-03,44,24,19.45
10691,QUICK,1997-10-03,62,48,49.3
10692,ALFKI,1997-10-03,63,20,43.9
10693,WHITC,1997-10-06,9,6,97
10693,WHITC,1997-10-06,54,60,7.45
10693,WHITC,1997-10-06,69,30,36
10693,WHITC,1997-10-06,73,15,15
10694,QUICK,1997-10-06,7,90,30
10694,QUICK,1997-10-06,59,25,55
10694,QUICK,1997-10-06,70,50,15
10695,WILMK,1997-10-07,8,10,40
10695,WILMK,1997-10-07,12,4,38
10695,WILMK,1997-10-07,24,20,4.5
10696,WHITC,1997-10-08,17,20,39
10696,WHITC,1997-10-08,46,18,12
10697,LINOD,1997-10-08,19,7,9.2
10697,LINOD,1997-10-08,35,9,18
10697,LINOD,1997-10-08,58,30,13.25
10697,LINOD,1997-10-08,70,30,15
10698,ERNSH,1997-10-09,11,15,21
10698,ERNSH,1997-10-09,17,8,39
10698,ERNSH,1997-10-09,29,12,123.79
10698,ERNSH,1997-10-09,65,65,21.05
10698,ERNSH,1997-10-09,70,8,15
10699,MORGK,1997-10-09,47,12,9.5
10700,SAVEA,1997-10-10,1,5,18
10700,SAVEA,1997-10-10,34,12,14
10700,SAVEA,1997-10-10,68,40,12.5
10700,SAVEA,1997-10-10,71,60,21.5
10701,HUNGO,1997-10-13,59,42,55
10701,HUNGO,1997-10-13,71,20,21.5
10701,HUNGO,1997-10-13,76,35,18
10702,ALFKI,1997-10-13,3,6,10
10702,ALFKI,1997-10-13,76,15,18
10703,FOLKO,1997-10-14,2,5,19
10703,FOLKO,1997-10-14,59,35,55
10703,FOLKO,1997-10-14,73,35,15
10704,QUEEN,1997-10-14,4,6,22
10704,QUEEN,1997-10-14,24,35,4.5
10704,QUEEN,1997-10-14,48,24,12.75
10705,HILAA,1997-10-15,31,20,12.5
10705,HILAA,1997-10-15,32,4,32
10706,OLDWO,1997-10-16,16,20,17.45
10706,OLDWO,1997-10-16,43,24,46
10706,OLDWO,1997-10-16,59,8,55
10707,AROUT,1997-10-16,55,21,24
10707,AROUT,1997-10-16,57,40,19.5
10707,AROUT,1997-10-16,70,28,15
10708,THEBI,1997-10-17,5,4,21.35
10708,THEBI,1997-10-17,36,5,19
10709,GOURL,1997-10-17,8,40,40
10709,GOURL,1997-10-17,51,28,53
10709,GOURL,1997-10-17,60,10,34
10710,FRANS,1997-10-20,19,5,9.2
10710,FRANS,1997-10-20,47,5,9.5
10711,SAVEA,1997-10-21,19,12,9.2
10711,SAVEA,1997-10-21,41,42,9.65
10711,SAVEA,1997-10-21,53,120,32.8
10712,HUNGO,1997-10-21,53,3,32.8
10712,HUNGO,1997-10-21,56,30,38
10713,SAVEA,1997-10-22,10,18,31
10713,SAVEA,1997-10-22,26,30,31.23
10713,SAVEA,1997-10-22,45,110,9.5
10713,SAVEA,1997-10-22,46,24,12
10714,SAVEA,1997-10-22,2,30,19
10714,SAVEA,1997-10-22,17,27,39
10714,SAVEA,1997-10-22,47,50,9.5
10714,SAVEA,1997-10-22,56,18,38
10714,SAVEA,1997-10-22,58,12,13.25
10715,BONAP,1997-10-23,10,21,31
10715,BONAP,1997-10-23,71,30,21.5
10716,RANCH,1997-10-24,21,5,10
10716,RANCH,1997-10-24,51,7,53
10716,RANCH,1997-10-24,61,10,28.5
10717,FRANK,1997-10-24,21,32,10
10717,FRANK,1997-10-24,54,15,7.45
10717,FRANK,1997-10-24,69,25,36
10718,KOENE,1997-10-27,12,36,38
10718,KOENE,1997-10-27,16,20,17.45
10718,KOENE,1997-10-27,36,40,19
10718,KOENE,1997-10-27,62,20,49.3
10719,LETSS,1997-10-27,18,12,62.5
10719,LETSS,1997-10-27,30,3,25.89
10719,LETSS,1997-10-27,54,40,7.45
10720,QUEDE,1997-10-28,35,21,18
10720,QUEDE,1997-10-28,71,8,21.5
10721,QUICK,1997-10-29,44,50,19.45
10722,SAVEA,1997-10-29,2,3,19
10722,SAVEA,1997-10-29,31,50,12.5
10722,SAVEA,1997-10-29,68,45,12.5
10722,SAVEA,1997-10-29,75,42,7.75
10723,WHITC,1997-10-30,26,15,31.23
10724,MEREP,1997-10-30,10,16,31
10724,MEREP,1997-10-30,61,5,28.5
10725,FAMIA,1997-10-31,41,12,9.65
10725,FAMIA,1997-10-31,52,4,7
10725,FAMIA,1997-10-31,55,6,24
10726,EASTC,1997-11-03,4,25,22
10726,EASTC,1997-11-03,11,5,21
10727,REGGC,1997-11-03,17,20,39
10727,REGGC,1997-11-03,56,10,38
10727,REGGC,1997-11-03,59,10,55
10728,QUEEN,1997-11-04,30,15,25.89
10728,QUEEN,1997-11-04,40,6,18.4
10728,QUEEN,1997-11-04,55,12,24
10728,QUEEN,1997-11-04,60,15,34
10729,LINOD,1997-11-04,1,50,18
10729,LINOD,1997-11-04,21,30,10
10729,LINOD,1997-11-04,50,40,16.25
10730,BONAP,1997-11-05,16,15,17.45
10730,BONAP,1997-11-05,31,3,12.5
10730,BONAP,1997-11-05,65,10,21.05
10731,CHOPS,1997-11-06,21,40,10
10731,CHOPS,1997-11-06,51,30,53
10732,BONAP,1997-11-06,76,20,18
10733,BERGS,1997-11-07,14,16,23.25
10733,BERGS,1997-11-07,28,20,45.6
10733,BERGS,1997-11-07,52,25,7
10734,GOURL,1997-11-07,6,30,25
10734,GOURL,1997-11-07,30,15,25.89
10734,GOURL,1997-11-07,76,20,18
10735,LETSS,1997-11-10,61,20,28.5
10735,LETSS,1997-11-10,77,2,13
10736,HUNGO,1997-11-11,65,40,21.05
10736,HUNGO,1997-11-11,75,20,7.75
10737,VINET,1997-11-11,13,4,6
10737,VINET,1997-11-11,41,12,9.65
10738,SPECD,1997-11-12,16,3,17.45
10739,VINET,1997-11-12,36,6,19
10739,VINET,1997-11-12,52,18,7
10740,WHITC,1997-11-13,28,5,45.6
10740,WHITC,1997-11-13,35,35,18
10740,WHITC,1997-11-13,45,40,9.5
10740,WHITC,1997-11-13,56,14,38
10741,AROUT,1997-11-14,2,15,19
10742,BOTTM,1997-11-14,3,20,10
10742,BOTTM,1997-11-14,60,50,34
10742,BOTTM,1997-11-14,72,35,34.8
10743,AROUT,1997-11-17,46,28,12
10744,VAFFE,1997-11-17,40,50,18.4
10745,QUICK,1997-11-18,18,24,62.5
10745,QUICK,1997-11-18,44,16,19.45
10745,QUICK,1997-11-18,59,45,55
10745,QUICK,1997-11-18,72,7,34.8
10746,CHOPS,1997-11-19,13,6,6
10746,CHOPS,1997-11-19,42,28,14
10746,CHOPS,1997-11-19,62,9,49.3
10746,CHOPS,1997-11-19,69,40,36
10747,PICCO,1997-11-19,31,8,12.5
10747,PICCO,1997-11-19,41,35,9.65
10747,PICCO,1997-11-19,63,9,43.9
10747,PICCO,1997-11-19,69,30,36
10748,SAVEA,1997-11-20,23,44,9
10748,SAVEA,1997-11-20,40,40,18.4
10748,SAVEA,1997-11-20,56,28,38
10749,ISLAT,1997-11-20,56,15,38
10749,ISLAT,1997-11-20,59,6,55
10749,ISLAT,1997-11-20,76,10,18
10750,WARTH,1997-11-21,14,5,23.25
10750,WARTH,1997-11-21,45,40,9.5
10750,WARTH,1997-11-21,59,25,55
10751,RICSU,1997-11-24,26,12,31.23
10751,RICSU,1997-11-24,30,30,25.89
10751,RICSU,1997-11-24,50,20,16.25
10751,RICSU,1997-11-24,73,15,15
10752,NORTS,1997-11-24,1,8,18
10752,NORTS,1997-11-24,69,3,36
10753,FRANS,1997-11-25,45,4,9.5
10753,FRANS,1997-11-25,74,5,10
10754,MAGAA,1997-11-25,40,3,18.4
10755,BONAP,1997-11-26,47,30,9.5
10755,BONAP,1997-11-26,56,30,38
10755,BONAP,1997-11-26,57,14,19.5
10755,BONAP,1997-11-26,69,25,36
10756,SPLIR,1997-11-27,18,21,62.5
10756,SPLIR,1997-11-27,36,20,19
10756,SPLIR,1997-11-27,68,6,12.5
10756,SPLIR,1997-11-27,69,20,36
10757,SAVEA,1997-11-27,34,30,14
10757,SAVEA,1997-11-27,59,7,55
10757,SAVEA,1997-11-27,62,30,49.3
10757,SAVEA,1997-11-27,64,24,33.25
10758,RICSU,1997-11-28,26,20,31.23
10758,RICSU,1997-11-28,52,60,7
10758,RICSU,1997-11-28,70,40,15
10759,ANATR,1997-11-28,32,10,32
10760,MAISD,1997-12-01,25,12,14
10760,MAISD,1997-12-01,27,40,43.9
10760,MAISD,1997-12-01,43,30,46
10761,RATTC,1997-12-02,25,35,14
10761,RATTC,1997-12-02,75,18,7.75
10762,FOLKO,1997-12-02,39,16,18
10762,FOLKO,1997-12-02,47,30,9.5
10762,FOLKO,1997-12-02,51,28,53
10762,FOLKO,1997-12-02,56,60,38
10763,FOLIG,1997-12-03,21,40,10
10763,FOLIG,1997-12-03,22,6,21
10763,FOLIG,1997-12-03,24,20,4.5
10764,ERNSH,1997-12-03,3,20,10
10764,ERNSH,1997-12-03,39,130,18
10765,QUICK,1997-12-04,65,80,21.05
10766,OTTIK,1997-12-05,2,40,19
10766,OTTIK,1997-12-05,7,35,30
10766,OTTIK,1997-12-05,68,40,12.5
10767,SUPRD,1997-12-05,42,2,14
10768,AROUT,1997-12-08,22,4,21
10768,AROUT,1997-12-08,31,50,12.5
10768,AROUT,1997-12-08,60,15,34
10768,AROUT,1997-12-08,71,12,21.5
10769,VAFFE,1997-12-08,41,30,9.65
10769,VAFFE,1997-12-08,52,15,7
10769,VAFFE,1997-12-08,61,20,28.5
10769,VAFFE,1997-12-08,62,15,49.3
10770,HANAR,1997-12-09,11,15,21
10771,ERNSH,1997-12-10,71,16,21.5
10772,LEHMS,1997-12-10,29,18,123.79
10772,LEHMS,1997-12-10,59,25,55
10773,ERNSH,1997-12-11,17,33,39
10773,ERNSH,1997-12-11,31,70,12.5
10773,ERNSH,1997-12-11,75,7,7.75
10774,FOLKO,1997-12-11,31,2,12.5
10774,FOLKO,1997-12-11,66,50,17
10775,THECR,1997-12-12,10,6,31
10775,THECR,1997-12-12,67,3,14
10776,ERNSH,1997-12-15,31,16,12.5
10776,ERNSH,1997-12-15,42,12,14
10776,ERNSH,1997-12-15,45,27,9.5
10776,ERNSH,1997-12-15,51,120,53
10777,GOURL,1997-12-15,42,20,14
10778,BERGS,1997-12-16,41,10,9.65
10779,MORGK,1997-12-16,16,20,17.45
10779,MORGK,1997-12-16,62,20,49.3
10780,LILAS,1997-12-16,70,35,15
10780,LILAS,1997-12-16,77,15,13
10781,WARTH,1997-12-17,54,3,7.45
10781,WARTH,1997-12-17,56,20,38
10781,WARTH,1997-12-17,74,35,10
10782,CACTU,1997-12-17,31,1,12.5
10783,HANAR,1997-12-18,31,10,12.5
10783,HANAR,1997-12-18,38,5,263.5
10784,MAGAA,1997-12-18,36,30,19
10784,MAGAA,1997-12-18,39,2,18
10784,MAGAA,1997-12-18,72,30,34.8
10785,GROSR,1997-12-18,10,10,31
10785,GROSR,1997-12-18,75,10,7.75
10786,QUEEN,1997-12-19,8,30,40
10786,QUEEN,1997-12-19,30,15,25.89
10786,QUEEN,1997-12-19,75,42,7.75
10787,LAMAI,1997-12-19,2,15,19
10787,LAMAI,1997-12-19,29,20,123.79
10788,QUICK,1997-12-22,19,50,9.2
10788,QUICK,1997-12-22,75,40,7.75
10789,FOLIG,1997-12-22,18,30,62.5
10789,FOLIG,1997-12-22,35,15,18
10789,FOLIG,1997-12-22,63,30,43.9
10789,FOLIG,1997-12-22,68,18,12.5
10790,GOURL,1997-12-22,7,3,30
10790,GOURL,1997-12-22,56,20,38
10791,FRANK,1997-12-23,29,14,123.79
10791,FRANK,1997-12-23,41,20,9.65
10792,WOLZA,1997-12-23,2,10,19
10792,WOLZA,1997-12-23,54,3,7.45
10792,WOLZA,1997-12-23,68,15,12.5
10793,AROUT,1997-12-24,41,14,9.65
10794,QUEDE,1997-12-24,14,15,23.25
10794,QUEDE,1997-12-24,54,6,7.45
10795,ERNSH,1997-12-24,16,65,17.45
10795,ERNSH,1997-12-24,17,35,39
10796,HILAA,1997-12-25,26,21,31.23
10796,HILAA,1997-12-25,44,10,19.45
10796,HILAA,1997-12-25,64,35,33.25
10796,HILAA,1997-12-25,69,24,36
10797,DRACD,1997-12-25,11,20,21
10798,ISLAT,1997-12-26,62,2,49.3
10798,ISLAT,1997-12-26,72,10,34.8
10799,KOENE,1997-12-26,13,20,6
10799,KOENE,1997-12-26,24,20,4.5
10799,KOENE,1997-12-26,59,25,55
10800,SEVES,1997-12-26,11,50,21
10800,SEVES,1997-12-26,51,10,53
10800,SEVES,1997-12-26,54,7,7.45
10801,BOLID,1997-12-29,17,40,39
10801,BOLID,1997-12-29,29,20,123.79
10802,SIMOB,1997-12-29,30,25,25.89
10802,SIMOB,1997-12-29,51,30,53
10802,SIMOB,1997-12-29,55,60,24
10802,SIMOB,1997-12-29,62,5,49.3
10803,WELLI,1997-12-30,19,24,9.2
10803,WELLI,1997-12-30,25,15,14
10803,WELLI,1997-12-30,59,15,55
10804,SEVES,1997-12-30,10,36,31
10804,SEVES,1997-12-30,28,24,45.6
10804,SEVES,1997-12-30,49,4,20
10805,THEBI,1997-12-30,34,10,14
10805,THEBI,1997-12-30,38,10,263.5
10806,VICTE,1997-12-31,2,20,19
10806,VICTE,1997-12-31,65,2,21.05
10806,VICTE,1997-12-31,74,15,10
10807,FRANS,1997-12-31,40,1,18.4
10808,OLDWO,1998-01-01,56,20,38
10808,OLDWO,1998-01-01,76,50,18
10809,WELLI,1998-01-01,52,20,7
10810,LAUGB,1998-01-01,13,7,6
10810,LAUGB,1998-01-01,25,5,14
10810,LAUGB,1998-01-01,70,5,15
10811,LINOD,1998-01-02,19,15,9.2
10811,LINOD,1998-01-02,23,18,9
10811,LINOD,1998-01-02,40,30,18.4
10812,REGGC,1998-01-02,31,16,12.5
10812,REGGC,1998-01-02,72,40,34.8
10812,REGGC,1998-01-02,77,20,13
10813,RICAR,1998-01-05,2,12,19
10813,RICAR,1998-01-05,46,35,12
10814,VICTE,1998-01-05,41,20,9.65
10814,VICTE,1998-01-05,43,20,46
10814,VICTE,1998-01-05,48,8,12.75
10814,VICTE,1998-01-05,61,30,28.5
10815,SAVEA,1998-01-05,33,16,2.5
10816,GREAL,1998-01-06,38,30,263.5
10816,GREAL,1998-01-06,62,20,49.3
10817,KOENE,1998-01-06,26,40,31.23
10817,KOENE,1998-01-06,38,30,263.5
10817,KOENE,1998-01-06,40,60,18.4
10817,KOENE,1998-01-06,62,25,49.3
10818,MAGAA,1998-01-07,32,20,32
10818,MAGAA,1998-01-07,41,20,9.65
10819,CACTU,1998-01-07,43,7,46
10819,CACTU,1998-01-07,75,20,7.75
10820,RATTC,1998-01-07,56,30,38
10821,SPLIR,1998-01-08,35,20,18
10821,SPLIR,1998-01-08,51,6,53
10822,TRAIH,1998-01-08,62,3,49.3
10822,TRAIH,1998-01-08,70,6,15
10823,LILAS,1998-01-09,11,20,21
10823,LILAS,1998-01-09,57,15,19.5
10823,LILAS,1998-01-09,59,40,55
10823,LILAS,1998-01-09,77,15,13
10824,FOLKO,1998-01-09,41,12,9.65
10824,FOLKO,1998-01-09,70,9,15
10825,DRACD,1998-01-09,26,12,31.23
10825,DRACD,1998-01-09,53,20,32.8
10826,BLONP,1998-01-12,31,35,12.5
10826,BLONP,1998-01-12,57,15,19.5
10827,BONAP,1998-01-12,10,15,31
10827,BONAP,1998-01-12,39,21,18
10828,RANCH,1998-01-13,20,5,81
10828,RANCH,1998-01-13,38,2,263.5
10829,ISLAT,1998-01-13,2,10,19
10829,ISLAT,1998-01-13,8,20,40
10829,ISLAT,1998-01-13,13,10,6
10829,ISLAT,1998-01-13,60,21,34
10830,TRADH,1998-01-13,6,6,25
10830,TRADH,1998-01-13,39,28,18
10830,TRADH,1998-01-13,60,30,34
10830,TRADH,1998-01-13,68,24,12.5
10831,SANTG,1998-01-14,19,2,9.2
10831,SANTG,1998-01-14,35,8,18
10831,SANTG,1998-01-14,38,8,263.5
10831,SANTG,1998-01-14,43,9,46
10832,LAMAI,1998-01-14,13,3,6
10832,LAMAI,1998-01-14,25,10,14
10832,LAMAI,1998-01-14,44,16,19.45
10832,LAMAI,1998-01-14,64,3,33.25
10833,OTTIK,1998-01-15,7,20,30
10833,OTTIK,1998-01-15,31,9,12.5
10833,OTTIK,1998-01-15,53,9,32.8
10834,TRADH,1998-01-15,29,8,123.79
10834,TRADH,1998-01-15,30,20,25.89
10835,ALFKI,1998-01-15,59,15,55
10835,ALFKI,1998-01-15,77,2,13
10836,ERNSH,1998-01-16,22,52,21
10836,ERNSH,1998-01-16,35,6,18
10836,ERNSH,1998-01-16,57,24,19.5
10836,ERNSH,1998-01-16,60,60,34
10836,ERNSH,1998-01-16,64,30,33.25
10837,BERGS,1998-01-16,13,6,6
10837,BERGS,1998-01-16,40,25,18.4
10837,BERGS,1998-01-16,47,40,9.5
10837,BERGS,1998-01-16,76,21,18
10838,LINOD,1998-01-19,1,4,18
10838,LINOD,1998-01-19,18,25,62.5
10838,LINOD,1998-01-19,36,50,19
10839,TRADH,1998-01-19,58,30,13.25
10839,TRADH,1998-01-19,72,15,34.8
10840,LINOD,1998-01-19,25,6,14
10840,LINOD,1998-01-19,39,10,18
10841,SUPRD,1998-01-20,10,16,31
10841,SUPRD,1998-01-20,56,30,38
10841,SUPRD,1998-01-20,59,50,55
10841,SUPRD,1998-01-20,77,15,13
10842,TORTU,1998-01-20,11,15,21
10842,TORTU,1998-01-20,43,5,46
10842,TORTU,1998-01-20,68,20,12.5
10842,TORTU,1998-01-20,70,12,15
10843,VICTE,1998-01-21,51,4,53
10844,PICCO,1998-01-21,22,35,21
10845,QUICK,1998-01-21,23,70,9
10845,QUICK,1998-01-21,35,25,18
10845,QUICK,1998-01-21,42,42,14
10845,QUICK,1998-01-21,58,60,13.25
10845,QUICK,1998-01-21,64,48,33.25
10846,SUPRD,1998-01-22,4,21,22
10846,SUPRD,1998-01-22,70,30,15
10846,SUPRD,1998-01-22,74,20,10
10847,SAVEA,1998-01-22,1,80,18
10847,SAVEA,1998-01-22,19,12,9.2
10847,SAVEA,1998-01-22,37,60,26
10847,SAVEA,1998-01-22,45,36,9.5
10847,SAVEA,1998-01-22,60,45,34
10847,SAVEA,1998-01-22,71,55,21.5
10848,CONSH,1998-01-23,5,30,21.35
10848,CONSH,1998-01-23,9,3,97
10849,KOENE,1998-01-23,3,49,10
10849,KOENE,1998-01-23,26,18,31.23
10850,VICTE,1998-01-23,25,20,14
10850,VICTE,1998-01-23,33,4,2.5
10850,VICTE,1998-01-23,70,30,15
10851,RICAR,1998-01-26,2,5,19
10851,RICAR,1998-01-26,25,10,14
10851,RICAR,1998-01-26,57,10,19.5
10851,RICAR,1998-01-26,59,42,55
10852,RATTC,1998-01-26,2,15,19
10852,RATTC,1998-01-26,17,6,39
10852,RATTC,1998-01-26,62,50,49.3
10853,BLAUS,1998-01-27,18,10,62.5
10854,ERNSH,1998-01-27,10,100,31
10854,ERNSH,1998-01-27,13,65,6
10855,OLDWO,1998-01-27,16,50,17.45
10855,OLDWO,1998-01-27,31,14,12.5
10855,OLDWO,1998-01-27,56,24,38
10855,OLDWO,1998-01-27,65,15,21.05
10856,ANTON,1998-01-28,2,20,19
10856,ANTON,1998-01-28,42,20,14
10857,BERGS,1998-01-28,3,30,10
10857,BERGS,1998-01-28,26,35,31.23
10857,BERGS,1998-01-28,29,10,123.79
10858,LACOR,1998-01-29,7,5,30
10858,LACOR,1998-01-29,27,10,43.9
10858,LACOR,1998-01-29,70,4,15
10859,FRANK,1998-01-29,24,40,4.5
10859,FRANK,1998-01-29,54,35,7.45
10859,FRANK,1998-01-29,64,30,33.25
10860,FRANR,1998-01-29,51,3,53
10860,FRANR,1998-01-29,76,20,18
10861,WHITC,1998-01-30,17,42,39
10861,WHITC,1998-01-30,18,20,62.5
10861,WHITC,1998-01-30,21,40,10
10861,WHITC,1998-01-30,33,35,2.5
10861,WHITC,1998-01-30,62,3,49.3
10862,LEHMS,1998-01-30,11,25,21
10862,LEHMS,1998-01-30,52,8,7
10863,HILAA,1998-02-02,1,20,18
10863,HILAA,1998-02-02,58,12,13.25
10864,AROUT,1998-02-02,35,4,18
10864,AROUT,1998-02-02,67,15,14
10865,QUICK,1998-02-02,38,60,263.5
10865,QUICK,1998-02-02,39,80,18
10866,BERGS,1998-02-03,2,21,19
10866,BERGS,1998-02-03,24,6,4.5
10866,BERGS,1998-02-03,30,40,25.89
10867,LONEP,1998-02-03,53,3,32.8
10868,QUEEN,1998-02-04,26,20,31.23
10868,QUEEN,1998-02-04,35,30,18
10868,QUEEN,1998-02-04,49,42,20
10869,SEVES,1998-02-04,1,40,18
10869,SEVES,1998-02-04,11,10,21
10869,SEVES,1998-02-04,23,50,9
10869,SEVES,1998-02-04,68,20,12.5
10870,WOLZA,1998-02-04,35,3,18
10870,WOLZA,1998-02-04,51,2,53
10871,BONAP,1998-02-05,6,50,25
10871,BONAP,1998-02-05,16,12,17.45
10871,BONAP,1998-02-05,17,16,39
10872,GODOS,1998-02-05,55,10,24
10872,GODOS,1998-02-05,62,20,49.3
10872,GODOS,1998-02-05,64,15,33.25
10872,GODOS,1998-02-05,65,21,21.05
10873,WILMK,1998-02-06,21,20,10
10873,WILMK,1998-02-06,28,3,45.6
10874,GODOS,1998-02-06,10,10,31
10875,BERGS,1998-02-06,19,25,9.2
10875,BERGS,1998-02-06,47,21,9.5
10875,BERGS,1998-02-06,49,15,20
10876,BONAP,1998-02-09,46,21,12
10876,BONAP,1998-02-09,64,20,33.25
10877,RICAR,1998-02-09,16,30,17.45
10877,RICAR,1998-02-09,18,25,62.5
10878,QUICK,1998-02-10,20,20,81
10879,WILMK,1998-02-10,40,12,18.4
10879,WILMK,1998-02-10,65,10,21.05
10879,WILMK,1998-02-10,76,10,18
10880,FOLKO,1998-02-10,23,30,9
10880,FOLKO,1998-02-10,61,30,28.5
10880,FOLKO,1998-02-10,70,50,15
10881,CACTU,1998-02-11,73,10,15
10882,SAVEA,1998-02-11,42,25,14
10882,SAVEA,1998-02-11,49,20,20
10882,SAVEA,1998-02-11,54,32,7.45
10883,LONEP,1998-02-12,24,8,4.5
10884,LETSS,1998-02-12,21,40,10
10884,LETSS,1998-02-12,56,21,38
10884,LETSS,1998-02-12,65,12,21.05
10885,SUPRD,1998-02-12,2,20,19
10885,SUPRD,1998-02-12,24,12,4.5
10885,SUPRD,1998-02-12,70,30,15
10885,SUPRD,1998-02-12,77,25,13
10886,HANAR,1998-02-13,10,70,31
10886,HANAR,1998-02-13,31,35,12.5
10886,HANAR,1998-02-13,77,40,13
10887,GALED,1998-02-13,25,5,14
10888,GODOS,1998-02-16,2,20,19
10888,GODOS,1998-02-16,68,18,12.5
10889,RATTC,1998-02-16,11,40,21
10889,RATTC,1998-02-16,38,40,263.5
10890,DUMON,1998-02-16,17,15,39
10890,DUMON,1998-02-16,34,10,14
10890,DUMON,1998-02-16,41,14,9.65
10891,LEHMS,1998-02-17,30,15,25.89
10892,MAISD,1998-02-17,59,40,55
10893,KOENE,1998-02-18,8,30,40
10893,KOENE,1998-02-18,24,10,4.5
10893,KOENE,1998-02-18,29,24,123.79
10893,KOENE,1998-02-18,30,35,25.89
10893,KOENE,1998-02-18,36,20,19
10894,SAVEA,1998-02-18,13,28,6
10894,SAVEA,1998-02-18,69,50,36
10894,SAVEA,1998-02-18,75,120,7.75
10895,ERNSH,1998-02-18,24,110,4.5
10895,ERNSH,1998-02-18,39,45,18
10895,ERNSH,1998-02-18,40,91,18.4
10895,ERNSH,1998-02-18,60,100,34
10896,MAISD,1998-02-19,45,15,9.5
10896,MAISD,1998-02-19,56,16,38
10897,HUNGO,1998-02-19,29,80,123.79
10897,HUNGO,1998-02-19,30,36,25.89
10898,OCEAN,1998-02-20,13,5,6
10899,LILAS,1998-02-20,39,8,18
10900,WELLI,1998-02-20,70,3,15
10901,HILAA,1998-02-23,41,30,9.65
10901,HILAA,1998-02-23,71,30,21.5
10902,FOLKO,1998-02-23,55,30,24
10902,FOLKO,1998-02-23,62,6,49.3
10903,HANAR,1998-02-24,13,40,6
10903,HANAR,1998-02-24,65,21,21.05
10903,HANAR,1998-02-24,68,20,12.5
10904,WHITC,1998-02-24,58,15,13.25
10904,WHITC,1998-02-24,62,35,49.3
10905,WELLI,1998-02-24,1,20,18
10906,WOLZA,1998-02-25,61,15,28.5
10907,SPECD,1998-02-25,75,14,7.75
10908,REGGC,1998-02-26,7,20,30
10908,REGGC,1998-02-26,52,14,7
10909,SANTG,1998-02-26,7,12,30
10909,SANTG,1998-02-26,16,15,17.45
10909,SANTG,1998-02-26,41,5,9.65
10910,WILMK,1998-02-26,19,12,9.2
10910,WILMK,1998-02-26,49,10,20
10910,WILMK,1998-02-26,61,5,28.5
10911,GODOS,1998-02-26,1,10,18
10911,GODOS,1998-02-26,17,12,39
10911,GODOS,1998-02-26,67,15,14
10912,HUNGO,1998-02-26,11,40,21
10912,HUNGO,1998-02-26,29,60,123.79
10913,QUEEN,1998-02-26,4,30,22
10913,QUEEN,1998-02-26,33,40,2.5
10913,QUEEN,1998-02-26,58,15,13.25
10914,QUEEN,1998-02-27,71,25,21.5
10915,TORTU,1998-02-27,17,10,39
10915,TORTU,1998-02-27,33,30,2.5
10915,TORTU,1998-02-27,54,10,7.45
10916,RANCH,1998-02-27,16,6,17.45
10916,RANCH,1998-02-27,32,6,32
10916,RANCH,1998-02-27,57,20,19.5
10917,ROMEY,1998-03-02,30,1,25.89
10917,ROMEY,1998-03-02,60,10,34
10918,BOTTM,1998-03-02,1,60,18
10918,BOTTM,1998-03-02,60,25,34
10919,LINOD,1998-03-02,16,24,17.45
10919,LINOD,1998-03-02,25,24,14
10919,LINOD,1998-03-02,40,20,18.4
10920,AROUT,1998-03-03,50,24,16.25
10921,VAFFE,1998-03-03,35,10,18
10921,VAFFE,1998-03-03,63,40,43.9
10922,HANAR,1998-03-03,17,15,39
10922,HANAR,1998-03-03,24,35,4.5
10923,LAMAI,1998-03-03,42,10,14
10923,LAMAI,1998-03-03,43,10,46
10923,LAMAI,1998-03-03,67,24,14
10924,BERGS,1998-03-04,10,20,31
10924,BERGS,1998-03-04,28,30,45.6
10924,BERGS,1998-03-04,75,6,7.75
10925,HANAR,1998-03-04,36,25,19
10925,HANAR,1998-03-04,52,12,7
10926,ANATR,1998-03-04,11,2,21
10926,ANATR,1998-03-04,13,10,6
10926,ANATR,1998-03-04,19,7,9.2
10926,ANATR,1998-03-04,72,10,34.8
10927,LACOR,1998-03-05,20,5,81
10927,LACOR,1998-03-05,52,5,7
10927,LACOR,1998-03-05,76,20,18
10928,GALED,1998-03-05,47,5,9.5
10928,GALED,1998-03-05,76,5,18
10929,FRANK,1998-03-05,21,60,10
10929,FRANK,1998-03-05,75,49,7.75
10929,FRANK,1998-03-05,77,15,13
10930,SUPRD,1998-03-06,21,36,10
10930,SUPRD,1998-03-06,27,25,43.9
10930,SUPRD,1998-03-06,55,25,24
10930,SUPRD,1998-03-06,58,30,13.25
10931,RICSU,1998-03-06,13,42,6
10931,RICSU,1998-03-06,57,30,19.5
10932,BONAP,1998-03-06,16,30,17.45
10932,BONAP,1998-03-06,62,14,49.3
10932,BONAP,1998-03-06,72,16,34.8
10932,BONAP,1998-03-06,75,20,7.75
10933,ISLAT,1998-03-06,53,2,32.8
10933,ISLAT,1998-03-06,61,30,28.5
10934,LEHMS,1998-03-09,6,20,25
10935,WELLI,1998-03-09,1,21,18
10935,WELLI,1998-03-09,18,4,62.5
10935,WELLI,1998-03-09,23,8,9
10936,GREAL,1998-03-09,36,30,19
10937,CACTU,1998-03-10,28,8,45.6
10937,CACTU,1998-03-10,34,20,14
10938,QUICK,1998-03-10,13,20,6
10938,QUICK,1998-03-10,43,24,46
10938,QUICK,1998-03-10,60,49,34
10938,QUICK,1998-03-10,71,35,21.5
10939,MAGAA,1998-03-10,2,10,19
10939,MAGAA,1998-03-10,67,40,14
10940,BONAP,1998-03-11,7,8,30
10940,BONAP,1998-03-11,13,20,6
10941,SAVEA,1998-03-11,31,44,12.5
10941,SAVEA,1998-03-11,62,30,49.3
10941,SAVEA,1998-03-11,68,80,12.5
10941,SAVEA,1998-03-11,72,50,34.8
10942,REGGC,1998-03-11,49,28,20
10943,BSBEV,1998-03-11,13,15,6
10943,BSBEV,1998-03-11,22,21,21
10943,BSBEV,1998-03-11,46,15,12
10944,BOTTM,1998-03-12,11,5,21
10944,BOTTM,1998-03-12,44,18,19.45
10944,BOTTM,1998-03-12,56,18,38
10945,MORGK,1998-03-12,13,20,6
10945,MORGK,1998-03-12,31,10,12.5
10946,VAFFE,1998-03-12,10,25,31
10946,VAFFE,1998-03-12,24,25,4.5
10946,VAFFE,1998-03-12,77,40,13
10947,BSBEV,1998-03-13,59,4,55
10948,GODOS,1998-03-13,50,9,16.25
10948,GODOS,1998-03-13,51,40,53
10948,GODOS,1998-03-13,55,4,24
10949,BOTTM,1998-03-13,6,12,25
10949,BOTTM,1998-03-13,10,30,31
10949,BOTTM,1998-03-13,17,6,39
10949,BOTTM,1998-03-13,62,60,49.3
10950,MAGAA,1998-03-16,4,5,22
10951,RICSU,1998-03-16,33,15,2.5
10951,RICSU,1998-03-16,41,6,9.65
10951,RICSU,1998-03-16,75,50,7.75
10952,ALFKI,1998-03-16,6,16,25
10952,ALFKI,1998-03-16,28,2,45.6
10953,AROUT,1998-03-16,20,50,81
10953,AROUT,1998-03-16,31,50,12.5
10954,LINOD,1998-03-17,16,28,17.45
10954,LINOD,1998-03-17,31,25,12.5
10954,LINOD,1998-03-17,45,30,9.5
10954,LINOD,1998-03-17,60,24,34
10955,FOLKO,1998-03-17,75,12,7.75
10956,BLAUS,1998-03-17,21,12,10
10956,BLAUS,1998-03-17,47,14,9.5
10956,BLAUS,1998-03-17,51,8,53
10957,HILAA,1998-03-18,30,30,25.89
10957,HILAA,1998-03-18,35,40,18
10957,HILAA,1998-03-18,64,8,33.25
10958,OCEAN,1998-03-18,5,20,21.35
10958,OCEAN,1998-03-18,7,6,30
10958,OCEAN,1998-03-18,72,5,34.8
10959,GOURL,1998-03-18,75,20,7.75
10960,HILAA,1998-03-19,24,10,4.5
10960,HILAA,1998-03-19,41,24,9.65
10961,QUEEN,1998-03-19,52,6,7
10961,QUEEN,1998-03-19,76,60,18
10962,QUICK,1998-03-19,7,45,30
10962,QUICK,1998-03-19,13,77,6
10962,QUICK,1998-03-19,53,20,32.8
10962,QUICK,1998-03-19,69,9,36
10962,QUICK,1998-03-19,76,44,18
10963,FURIB,1998-03-19,60,2,34
10964,SPECD,1998-03-20,18,6,62.5
10964,SPECD,1998-03-20,38,5,263.5
10964,SPECD,1998-03-20,69,10,36
10965,OLDWO,1998-03-20,51,16,53
10966,CHOPS,1998-03-20,37,8,26
10966,CHOPS,1998-03-20,56,12,38
10966,CHOPS,1998-03-20,62,12,49.3
10967,TOMSP,1998-03-23,19,12,9.2
10967,TOMSP,1998-03-23,49,40,20
10968,ERNSH,1998-03-23,12,30,38
10968,ERNSH,1998-03-23,24,30,4.5
10968,ERNSH,1998-03-23,64,4,33.25
10969,COMMI,1998-03-23,46,9,12
10970,BOLID,1998-03-24,52,40,7
10971,FRANR,1998-03-24,29,14,123.79
10972,LACOR,1998-03-24,17,6,39
10972,LACOR,1998-03-24,33,7,2.5
10973,LACOR,1998-03-24,26,5,31.23
10973,LACOR,1998-03-24,41,6,9.65
10973,LACOR,1998-03-24,75,10,7.75
10974,SPLIR,1998-03-25,63,10,43.9
10975,BOTTM,1998-03-25,8,16,40
10975,BOTTM,1998-03-25,75,10,7.75
10976,HILAA,1998-03-25,28,20,45.6
10977,FOLKO,1998-03-26,39,30,18
10977,FOLKO,1998-03-26,47,30,9.5
10977,FOLKO,1998-03-26,51,10,53
10977,FOLKO,1998-03-26,63,20,43.9
10978,MAISD,1998-03-26,8,20,40
10978,MAISD,1998-03-26,21,40,10
10978,MAISD,1998-03-26,40,10,18.4
10978,MAISD,1998-03-26,44,6,19.45
10979,ERNSH,1998-03-26,7,18,30
10979,ERNSH,1998-03-26,12,20,38
10979,ERNSH,1998-03-26,24,80,4.5
10979,ERNSH,1998-03-26,27,30,43.9
10979,ERNSH,1998-03-26,31,24,12.5
10979,ERNSH,1998-03-26,63,35,43.9
10980,FOLKO,1998-03-27,75,40,7.75
10981,HANAR,1998-03-27,38,60,263.5
10982,BOTTM,1998-03-27,7,20,30
10982,BOTTM,1998-03-27,43,9,46
10983,SAVEA,1998-03-27,13,84,6
10983,SAVEA,1998-03-27,57,15,19.5
10984,SAVEA,1998-03-30,16,55,17.45
10984,SAVEA,1998-03-30,24,20,4.5
10984,SAVEA,1998-03-30,36,40,19
10985,HUNGO,1998-03-30,16,36,17.45
10985,HUNGO,1998-03-30,18,8,62.5
10985,HUNGO,1998-03-30,32,35,32
10986,OCEAN,1998-03-30,11,30,21
10986,OCEAN,1998-03-30,20,15,81
10986,OCEAN,1998-03-30,76,10,18
10986,OCEAN,1998-03-30,77,15,13
10987,EASTC,1998-03-31,7,60,30
10987,EASTC,1998-03-31,43,6,46
10987,EASTC,1998-03-31,72,20,34.8
10988,RATTC,1998-03-31,7,60,30
10988,RATTC,1998-03-31,62,40,49.3
10989,QUEDE,1998-03-31,6,40,25
10989,QUEDE,1998-03-31,11,15,21
10989,QUEDE,1998-03-31,41,4,9.65
10990,ERNSH,1998-04-01,21,65,10
10990,ERNSH,1998-04-01,34,60,14
10990,ERNSH,1998-04-01,55,65,24
10990,ERNSH,1998-04-01,61,66,28.5
10991,QUICK,1998-04-01,2,50,19
10991,QUICK,1998-04-01,70,20,15
10991,QUICK,1998-04-01,76,90,18
10992,THEBI,1998-04-01,72,2,34.8
10993,FOLKO,1998-04-01,29,50,123.79
10993,FOLKO,1998-04-01,41,35,9.65
10994,VAFFE,1998-04-02,59,18,55
10995,PERIC,1998-04-02,51,20,53
10995,PERIC,1998-04-02,60,4,34
10996,QUICK,1998-04-02,42,40,14
10997,LILAS,1998-04-03,32,50,32
10997,LILAS,1998-04-03,46,20,12
10997,LILAS,1998-04-03,52,20,7
10998,WOLZA,1998-04-03,24,12,4.5
10998,WOLZA,1998-04-03,61,7,28.5
10998,WOLZA,1998-04-03,74,20,10
10998,WOLZA,1998-04-03,75,30,7.75
10999,OTTIK,1998-04-03,41,20,9.65
10999,OTTIK,1998-04-03,51,15,53
10999,OTTIK,1998-04-03,77,21,13
11000,RATTC,1998-04-06,4,25,22
11000,RATTC,1998-04-06,24,30,4.5
11000,RATTC,1998-04-06,77,30,13
11001,FOLKO,1998-04-06,7,60,30
11001,FOLKO,1998-04-06,22,25,21
11001,FOLKO,1998-04-06,46,25,12
11001,FOLKO,1998-04-06,55,6,24
11002,SAVEA,1998-04-06,13,56,6
11002,SAVEA,1998-04-06,35,15,18
11002,SAVEA,1998-04-06,42,24,14
11002,SAVEA,1998-04-06,55,40,24
11003,THECR,1998-04-06,1,4,18
11003,THECR,1998-04-06,40,10,18.4
11003,THECR,1998-04-06,52,10,7
11004,MAISD,1998-04-07,26,6,31.23
11004,MAISD,1998-04-07,76,6,18
11005,WILMK,1998-04-07,1,2,18
11005,WILMK,1998-04-07,59,10,55
11006,GREAL,1998-04-07,1,8,18
11006,GREAL,1998-04-07,29,2,123.79
11007,PRINI,1998-04-08,8,30,40
11007,PRINI,1998-04-08,29,10,123.79
11007,PRINI,1998-04-08,42,14,14
11008,ERNSH,1998-04-08,28,70,45.6
11008,ERNSH,1998-04-08,34,90,14
11008,ERNSH,1998-04-08,71,21,21.5
11009,GODOS,1998-04-08,24,12,4.5
11009,GODOS,1998-04-08,36,18,19
11009,GODOS,1998-04-08,60,9,34
11010,REGGC,1998-04-09,7,20,30
11010,REGGC,1998-04-09,24,10,4.5
11011,ALFKI,1998-04-09,58,40,13.25
11011,ALFKI,1998-04-09,71,20,21.5
11012,FRANK,1998-04-09,19,50,9.2
11012,FRANK,1998-04-09,60,36,34
11012,FRANK,1998-04-09,71,60,21.5
11013,ROMEY,1998-04-09,23,10,9
11013,ROMEY,1998-04-09,42,4,14
11013,ROMEY,1998-04-09,45,20,9.5
11013,ROMEY,1998-04-09,68,2,12.5
11014,LINOD,1998-04-10,41,28,9.65
11015,SANTG,1998-04-10,30,15,25.89
11015,SANTG,1998-04-10,77,18,13
11016,AROUT,1998-04-10,31,15,12.5
11016,AROUT,1998-04-10,36,16,19
11017,ERNSH,1998-04-13,3,25,10
11017,ERNSH,1998-04-13,59,110,55
11017,ERNSH,1998-04-13,70,30,15
11018,LONEP,1998-04-13,12,20,38
11018,LONEP,1998-04-13,18,10,62.5
11018,LONEP,1998-04-13,56,5,38
11019,RANCH,1998-04-13,46,3,12
11019,RANCH,1998-04-13,49,2,20
11020,OTTIK,1998-04-14,10,24,31
11021,QUICK,1998-04-14,2,11,19
11021,QUICK,1998-04-14,20,15,81
11021,QUICK,1998-04-14,26,63,31.23
11021,QUICK,1998-04-14,51,44,53
11021,QUICK,1998-04-14,72,35,34.8
11022,HANAR,1998-04-14,19,35,9.2
11022,HANAR,1998-04-14,69,30,36
11023,BSBEV,1998-04-14,7,4,30
11023,BSBEV,1998-04-14,43,30,46
11024,EASTC,1998-04-15,26,12,31.23
11024,EASTC,1998-04-15,33,30,2.5
11024,EASTC,1998-04-15,65,21,21.05
11024,EASTC,1998-04-15,71,50,21.5
11025,WARTH,1998-04-15,1,10,18
11025,WARTH,1998-04-15,13,20,6
11026,FRANS,1998-04-15,18,8,62.5
11026,FRANS,1998-04-15,51,10,53
11027,BOTTM,1998-04-16,24,30,4.5
11027,BOTTM,1998-04-16,62,21,49.3
11028,KOENE,1998-04-16,55,35,24
11028,KOENE,1998-04-16,59,24,55
11029,CHOPS,1998-04-16,56,20,38
11029,CHOPS,1998-04-16,63,12,43.9
11030,SAVEA,1998-04-17,2,100,19
11030,SAVEA,1998-04-17,5,70,21.35
11030,SAVEA,1998-04-17,29,60,123.79
11030,SAVEA,1998-04-17,59,100,55
11031,SAVEA,1998-04-17,1,45,18
11031,SAVEA,1998-04-17,13,80,6
11031,SAVEA,1998-04-17,24,21,4.5
11031,SAVEA,1998-04-17,64,20,33.25
11031,SAVEA,1998-04-17,71,16,21.5
11032,WHITC,1998-04-17,36,35,19
11032,WHITC,1998-04-17,38,25,263.5
11032,WHITC,1998-04-17,59,30,55
11033,RICSU,1998-04-17,53,70,32.8
11033,RICSU,1998-04-17,69,36,36
11034,OLDWO,1998-04-20,21,15,10
11034,OLDWO,1998-04-20,44,12,19.45
11034,OLDWO,1998-04-20,61,6,28.5
11035,SUPRD,1998-04-20,1,10,18
11035,SUPRD,1998-04-20,35,60,18
11035,SUPRD,1998-04-20,42,30,14
11035,SUPRD,1998-04-20,54,10,7.45
11036,DRACD,1998-04-20,13,7,6
11036,DRACD,1998-04-20,59,30,55
11037,GODOS,1998-04-21,70,4,15
11038,SUPRD,1998-04-21,40,5,18.4
11038,SUPRD,1998-04-21,52,2,7
11038,SUPRD,1998-04-21,71,30,21.5
11039,LINOD,1998-04-21,28,20,45.6
11039,LINOD,1998-04-21,35,24,18
11039,LINOD,1998-04-21,49,60,20
11039,LINOD,1998-04-21,57,28,19.5
11040,GREAL,1998-04-22,21,20,10
11041,CHOPS,1998-04-22,2,30,19
11041,CHOPS,1998-04-22,63,30,43.9
11042,COMMI,1998-04-22,44,15,19.45
11042,COMMI,1998-04-22,61,4,28.5
11043,SPECD,1998-04-22,11,10,21
11044,WOLZA,1998-04-23,62,12,49.3
11045,BOTTM,1998-04-23,33,15,2.5
11045,BOTTM,1998-04-23,51,24,53
11046,WANDK,1998-04-23,12,20,38
11046,WANDK,1998-04-23,32,15,32
11046,WANDK,1998-04-23,35,18,18
11047,EASTC,1998-04-24,1,25,18
11047,EASTC,1998-04-24,5,30,21.35
11048,BOTTM,1998-04-24,68,42,12.5
11049,GOURL,1998-04-24,2,10,19
11049,GOURL,1998-04-24,12,4,38
11050,FOLKO,1998-04-27,76,50,18
11051,LAMAI,1998-04-27,24,10,4.5
11052,HANAR,1998-04-27,43,30,46
11052,HANAR,1998-04-27,61,10,28.5
11053,PICCO,1998-04-27,18,35,62.5
11053,PICCO,1998-04-27,32,20,32
11053,PICCO,1998-04-27,64,25,33.25
11054,CACTU,1998-04-28,33,10,2.5
11054,CACTU,1998-04-28,67,20,14
11055,HILAA,1998-04-28,24,15,4.5
11055,HILAA,1998-04-28,25,15,14
11055,HILAA,1998-04-28,51,20,53
11055,HILAA,1998-04-28,57,20,19.5
11056,EASTC,1998-04-28,7,40,30
11056,EASTC,1998-04-28,55,35,24
11056,EASTC,1998-04-28,60,50,34
11057,NORTS,1998-04-29,70,3,15
11058,BLAUS,1998-04-29,21,3,10
11058,BLAUS,1998-04-29,60,21,34
11058,BLAUS,1998-04-29,61,4,28.5
11059,RICAR,1998-04-29,13,30,6
11059,RICAR,1998-04-29,17,12,39
11059,RICAR,1998-04-29,60,35,34
11060,FRANS,1998-04-30,60,4,34
11060,FRANS,1998-04-30,77,10,13
11061,GREAL,1998-04-30,60,15,34
11062,REGGC,1998-04-30,53,10,32.8
11062,REGGC,1998-04-30,70,12,15
11063,HUNGO,1998-04-30,34,30,14
11063,HUNGO,1998-04-30,40,40,18.4
11063,HUNGO,1998-04-30,41,30,9.65
11064,SAVEA,1998-05-01,17,77,39
11064,SAVEA,1998-05-01,41,12,9.65
11064,SAVEA,1998-05-01,53,25,32.8
11064,SAVEA,1998-05-01,55,4,24
11064,SAVEA,1998-05-01,68,55,12.5
11065,LILAS,1998-05-01,30,4,25.89
11065,LILAS,1998-05-01,54,20,7.45
11066,WHITC,1998-05-01,16,3,17.45
11066,WHITC,1998-05-01,19,42,9.2
11066,WHITC,1998-05-01,34,35,14
11067,DRACD,1998-05-04,41,9,9.65
11068,QUEEN,1998-05-04,28,8,45.6
11068,QUEEN,1998-05-04,43,36,46
11068,QUEEN,1998-05-04,77,28,13
11069,TORTU,1998-05-04,39,20,18
11070,LEHMS,1998-05-05,1,40,18
11070,LEHMS,1998-05-05,2,20,19
11070,LEHMS,1998-05-05,16,30,17.45
11070,LEHMS,1998-05-05,31,20,12.5
11071,LILAS,1998-05-05,7,15,30
11071,LILAS,1998-05-05,13,10,6
11072,ERNSH,1998-05-05,2,8,19
11072,ERNSH,1998-05-05,41,40,9.65
11072,ERNSH,1998-05-05,50,22,16.25
11072,ERNSH,1998-05-05,64,130,33.25
11073,PERIC,1998-05-05,11,10,21
11073,PERIC,1998-05-05,24,20,4.5
11074,SIMOB,1998-05-06,16,14,17.45
11075,RICSU,1998-05-06,2,10,19
11075,RICSU,1998-05-06,46,30,12
11075,RICSU,1998-05-06,76,2,18
11076,BONAP,1998-05-06,6,20,25
11076,BONAP,1998-05-06,14,20,23.25
11076,BONAP,1998-05-06,19,10,9.2
11077,RATTC,1998-05-06,2,24,19
11077,RATTC,1998-05-06,3,4,10
11077,RATTC,1998-05-06,4,1,22
11077,RATTC,1998-05-06,6,1,25
11077,RATTC,1998-05-06,7,1,30
11077,RATTC,1998-05-06,8,2,40
11077,RATTC,1998-05-06,10,1,31
11077,RATTC,1998-05-06,12,2,38
11077,RATTC,1998-05-06,13,4,6
11077,RATTC,1998-05-06,14,1,23.25
11077,RATTC,1998-05-06,16,2,17.45
11077,RATTC,1998-05-06,20,1,81
11077,RATTC,1998-05-06,23,2,9
11077,RATTC,1998-05-06,32,1,32
11077,RATTC,1998-05-06,39,2,18
11077,RATTC,1998-05-06,41,3,9.65
11077,RATTC,1998-05-06,46,3,12
11077,RATTC,1998-05-06,52,2,7
11077,RATTC,1998-05-06,55,2,24
11077,RATTC,1998-05-06,60,2,34
11077,RATTC,1998-05-06,64,2,33.25
11077,RATTC,1998-05-06,66,1,17
11077,RATTC,1998-05-06,73,2,15
11077,RATTC,1998-05-06,75,4,7.75
11077,RATTC,1998-05-06,77,2,13
